"","Phylo","Family","Order","Scientific_name","Beak.Length_Culmen","Beak.Length_Nares","Beak.Width","Beak.Depth","Tarsus.Length","Wing.Length","Kipps.Distance","Secondary1","Hand.Wing.Index","Tail.Length","Mass","Habitat","Habitat.Density","Migration","Trophic.Level","Trophic.Niche","Primary.Lifestyle","Min.Latitude","Max.Latitude","Centroid.Latitude","Centroid.Longitude","Range.Size","Species.Status","Habitat_Category","IsMigrate","cMass"
"1","Abroscopus_albogularis","Sylviidae","Passeriformes","Abroscopus albogularis",9,4.9,2.7,2.3,15.3,43.4,5.7,37.3,13.3,38.7,4.8,"Forest","1","1","Carnivore","Invertivore","Insessorial",14.97,31.56,24.78,105.57,1704650.6,"Extant","Forested_Vegetated",1,-0.902198270972569
"2","Abroscopus_schisticeps","Sylviidae","Passeriformes","Abroscopus schisticeps",9,4.7,2.6,2.3,16.5,47.1,7.6,39.5,16.1,47.5,4.7,"Forest","1","1","Carnivore","Invertivore","Insessorial",20.19,31.12,26.7,95.58,909217.05,"Extant","Forested_Vegetated",1,-0.923251680170401
"3","Abroscopus_superciliaris","Sylviidae","Passeriformes","Abroscopus superciliaris",12.3,7.4,3.1,2.8,16.6,51.2,6.5,44.5,12.7,42.4,6.5,"Shrubland","1","1","Carnivore","Invertivore","Insessorial",-8.11,28.81,9.89,105.2,2493437.47,"Extant","Arid_Open",1,-0.599012011984823
"4","Achaetops_pycnopygius","Sylviidae","Passeriformes","Achaetops pycnopygius",20.1,9.5,3.3,4.6,24.2,68.1,4.4,62.7,6.6,79.4,28.3,"Rock","3","1","Carnivore","Invertivore","Insessorial",-24.27,-8.76,-18.6,15.07,423641.18,"Extant","Arid_Open",1,0.872047615762778
"5","Acrocephalus_aedon","Sylviidae","Passeriformes","Acrocephalus aedon",17.8,10.8,4.9,5.1,26,78.4,16.9,61.6,21.6,78.6,22.4,"Shrubland","3","3","Carnivore","Invertivore","Insessorial",38.72,59.51,50.11,110.59,6900163.32,"Extant","Arid_Open",0,0.63824676997458
"6","Acrocephalus_aequinoctialis","Sylviidae","Passeriformes","Acrocephalus aequinoctialis",20.9,11,3.4,3.5,24.5,73.5,14.3,59.2,19.5,63.5,25,"Shrubland","3","1","Carnivore","Invertivore","Generalist",1.78,4.7,2.11,-157.63,229.11,"Extant","Arid_Open",1,0.748061635981787
"7","Acrocephalus_agricola","Sylviidae","Passeriformes","Acrocephalus agricola",13.6,7.8,3.2,2.8,21.1,55.2,10.1,44.7,18.4,54.9,9.6,"Wetland","3","3","Carnivore","Invertivore","Insessorial",35.39,56.93,46.5,71.71,6560153.7,"Extant","Aquatic_Coastal",0,-0.209051090412623
"8","Acrocephalus_arundinaceus","Sylviidae","Passeriformes","Acrocephalus arundinaceus",21.9,12.9,4.6,5.1,27.3,91.1,24.7,66.7,26.8,75,30,"Wetland","3","3","Carnivore","Invertivore","Insessorial",23.84,63.2,47.42,70.38,14642510.44,"Extant","Aquatic_Coastal",0,0.930383192775742
"9","Acrocephalus_atyphus","Sylviidae","Passeriformes","Acrocephalus atyphus",26.7,15,4.7,4.9,28.1,88.3,16.3,71.6,18.6,78.2,30,"Shrubland","3","1","Carnivore","Invertivore","Insessorial",-21.73,-14.09,-16.91,-144.1,611.16,"Extant","Arid_Open",1,0.930383192775742
"10","Acrocephalus_australis","Sylviidae","Passeriformes","Acrocephalus australis",19.9,10.6,3.8,4.1,24,71.6,16.3,55,22.9,67,17.7,"Wetland","3","3","Carnivore","Invertivore","Insessorial",-43.31,18.84,-21.31,137.46,5363722.05,"Extant","Aquatic_Coastal",0,0.402750450693369
"11","Acrocephalus_baeticatus","Sylviidae","Passeriformes","Acrocephalus baeticatus",19.5,8.6,3,2.9,20.5,59.1,10.7,47.9,18.2,49.2,10.2,"Wetland","3","3","Carnivore","Invertivore","Insessorial",NA,NA,NA,NA,NA,"Extant","Aquatic_Coastal",0,-0.148426468596189
"12","Acrocephalus_bistrigiceps","Sylviidae","Passeriformes","Acrocephalus bistrigiceps",13.4,7.7,3,2.6,20.1,52.7,11.4,40.7,21.9,50.4,8.7,"Wetland","3","3","Carnivore","Invertivore","Insessorial",29.02,54.71,43.82,124.82,4170337.09,"Extant","Aquatic_Coastal",0,-0.307491163225876
"13","Acrocephalus_brevipennis","Sylviidae","Passeriformes","Acrocephalus brevipennis",19.3,11.9,4,3.5,26.3,65.9,10.6,55.4,16,61.5,16,"Shrubland","2","1","Carnivore","Invertivore","Insessorial",14.88,16.68,15.18,-23.83,1324.46,"Extant","Arid_Open",1,0.301774533353367
"14","Acrocephalus_caffer","Sylviidae","Passeriformes","Acrocephalus caffer",33.1,19,5,5.1,30.7,93.2,16.6,76.5,17.9,81.8,43.8,"Forest","2","1","Carnivore","Invertivore","Insessorial",-17.78,-17.47,-17.61,-149.56,401.36,"Extant","Forested_Vegetated",1,1.30881962849599
"15","Acrocephalus_concinens","Sylviidae","Passeriformes","Acrocephalus concinens",13.7,8,3.3,2.9,22,55.6,9.7,45.5,17.6,56,8.3,"Wetland","2","2","Carnivore","Invertivore","Insessorial",23.52,41.88,33.61,105.24,2146677.25,"Extant","Aquatic_Coastal",0,-0.354558674083862
"16","Acrocephalus_dumetorum","Sylviidae","Passeriformes","Acrocephalus dumetorum",16.4,9.2,3.6,3.1,22.3,62.1,12.7,49.6,20.4,53.1,11.2,"Wetland","2","3","Carnivore","Invertivore","Insessorial",37.32,64.23,55.04,64.74,5747941.28,"Extant","Aquatic_Coastal",0,-0.0549004105853652
"17","Acrocephalus_familiaris","Sylviidae","Passeriformes","Acrocephalus familiaris",17.1,9.6,3.4,3.5,21.4,60.5,9.1,51.4,15.1,56.5,18.3,"Shrubland","3","1","Carnivore","Invertivore","Insessorial",23.05,23.06,23.06,-161.92,1.55,"Extant","Arid_Open",1,0.436086870960962
"18","Acrocephalus_gracilirostris","Sylviidae","Passeriformes","Acrocephalus gracilirostris",17.8,9.9,3.5,3.5,23.5,64.7,7.9,55,12.6,59.3,14.4,"Wetland","3","1","Carnivore","Invertivore","Insessorial",-34.84,14.77,-13.82,29.52,4809980,"Extant","Aquatic_Coastal",1,0.196414017695541
"19","Acrocephalus_griseldis","Sylviidae","Passeriformes","Acrocephalus griseldis",21.2,12.9,4,3.8,24.2,79.9,23.2,56.4,29.2,64,16.7,"Wetland","3","3","Carnivore","Invertivore","Insessorial",28.93,34.61,31.95,45.59,105982.42,"Extant","Aquatic_Coastal",0,0.344594530536296
"20","Acrocephalus_kerearako","Sylviidae","Passeriformes","Acrocephalus kerearako",21.3,11.7,4.4,4.2,27.2,73,13.2,59.8,18.1,77,22.5,"Forest","2","1","Carnivore","Invertivore","Insessorial",-21.94,-19.76,-21.34,-157.87,69.45,"Extant","Forested_Vegetated",1,0.64270112032396
"21","Acrocephalus_luscinius","Sylviidae","Passeriformes","Acrocephalus luscinius",35.5,21.9,4.9,4.9,30.1,85.7,15,70.7,17.4,78,30.6,"Wetland","2","1","Carnivore","Invertivore","Terrestrial",15.1,17.62,15.34,145.76,134.91,"Extant","Aquatic_Coastal",1,0.950185820071921
"22","Acrocephalus_melanopogon","Sylviidae","Passeriformes","Acrocephalus melanopogon",12.7,7.2,2.6,2.5,19,56.7,10.9,45.8,19.3,47.8,10.9,"Wetland","3","3","Carnivore","Invertivore","Insessorial",24.37,49.94,42.27,49.27,2304218.81,"Extant","Aquatic_Coastal",0,-0.0820513996513159
"23","Acrocephalus_mendanae","Sylviidae","Passeriformes","Acrocephalus mendanae",30.1,18.1,5,5.1,30.1,98.8,19.1,79.8,19.3,89.3,36.3,"Shrubland","2","1","Carnivore","Invertivore","Insessorial",-10.54,-7.86,-9.37,-139.57,1071.88,"Extant","Arid_Open",1,1.12100355238439
"24","Acrocephalus_newtoni","Sylviidae","Passeriformes","Acrocephalus newtoni",18.1,10.3,3.7,3.6,25.6,66.5,9.8,56.3,14.9,76.2,17,"Wetland","3","1","Carnivore","Invertivore","Insessorial",-25.61,-11.95,-19.38,46.7,591120.51,"Extant","Aquatic_Coastal",1,0.362399155169802
"25","Acrocephalus_orinus","Sylviidae","Passeriformes","Acrocephalus orinus",16.8,9.6,4,3.1,21.8,58,11.8,46.2,20.3,55.4,24.2,"Wetland","3","3","Carnivore","Invertivore","Insessorial",36.08,38.8,37.13,71.38,15471.91,"Extant","Aquatic_Coastal",0,0.715538444276227
"26","Acrocephalus_paludicola","Sylviidae","Passeriformes","Acrocephalus paludicola",12.3,7,2.6,2.9,19.4,62.1,17.7,44.4,28.4,47.2,11.6,"Wetland","3","3","Carnivore","Invertivore","Insessorial",49.28,56.15,52.09,24.27,182586.45,"Extant","Aquatic_Coastal",0,-0.0198090907740949
"27","Acrocephalus_palustris","Sylviidae","Passeriformes","Acrocephalus palustris",16.1,8.2,3.3,3.3,21.3,68.6,19.2,49.6,27.9,56.5,11.5,"Shrubland","2","3","Carnivore","Invertivore","Insessorial",37.03,65.42,51.96,32.36,5996672.74,"Extant","Arid_Open",0,-0.0284671535172096
"28","Acrocephalus_rehsei","Sylviidae","Passeriformes","Acrocephalus rehsei",21.2,12,4.2,3.8,27.9,71.5,9.9,61.6,13.8,66,20.1,"Forest","2","1","Carnivore","Invertivore","Insessorial",-0.55,-0.5,-0.53,166.92,18.3,"Extant","Forested_Vegetated",1,0.529905626178616
"29","Acrocephalus_rimatarae","Sylviidae","Passeriformes","Acrocephalus rimatarae",24.6,13.6,4.2,4.1,29.4,84.5,14.1,70.4,16.7,85,26.5,"Wetland","1","1","Carnivore","Invertivore","Insessorial",-22.66,-22.64,-22.65,-152.81,6.84,"Extant","Aquatic_Coastal",1,0.806330544105763
"30","Acrocephalus_rodericanus","Sylviidae","Passeriformes","Acrocephalus rodericanus",17.7,10.3,3.2,2.9,23.1,60.4,10.2,50.2,16.9,74.4,11.8,"Shrubland","2","1","Carnivore","Invertivore","Insessorial",-19.72,-19.69,-19.7,63.44,2.73,"Extant","Arid_Open",1,-0.00271465741479471
"31","Acrocephalus_rufescens","Sylviidae","Passeriformes","Acrocephalus rufescens",20.7,11.9,4.5,4,27.8,72.3,10.8,61.5,14.9,69,22.7,"Wetland","3","1","Carnivore","Invertivore","Insessorial",-20.36,16.89,1.16,18.49,1400095.07,"Extant","Aquatic_Coastal",1,0.651550735600943
"32","Acrocephalus_schoenobaenus","Sylviidae","Passeriformes","Acrocephalus schoenobaenus",14.9,8.2,2.9,2.8,20.9,65.4,18.4,46.9,28.2,48.9,11.8,"Wetland","3","3","Carnivore","Invertivore","Insessorial",36.21,71.12,56.04,47.36,11967937.01,"Extant","Aquatic_Coastal",0,-0.00271465741479471
"33","Acrocephalus_scirpaceus","Sylviidae","Passeriformes","Acrocephalus scirpaceus",17.4,8.8,3.4,2.8,21.7,67.1,17.4,49.9,25.8,52.2,12.3,"Wetland","3","3","Carnivore","Invertivore","Insessorial",NA,NA,NA,NA,NA,"Extant","Aquatic_Coastal",0,0.0387850734919581
"34","Acrocephalus_sechellensis","Sylviidae","Passeriformes","Acrocephalus sechellensis",17.7,10.2,4,3.3,24,65.8,7.8,58.4,11.8,60.6,15.9,"Shrubland","2","1","Carnivore","Invertivore","Insessorial",-4.35,-4.21,-4.27,55.66,1.59,"Extant","Arid_Open",1,0.295504920339772
"35","Acrocephalus_sorghophilus","Sylviidae","Passeriformes","Acrocephalus sorghophilus",14.9,9.7,3.4,3.6,22.4,65.5,15.4,50.1,23.6,55.8,8.2,"Wetland","2","3","Carnivore","Invertivore","Insessorial",NA,NA,NA,NA,NA,"Extant","Aquatic_Coastal",0,-0.366680034616206
"36","Acrocephalus_stentoreus","Sylviidae","Passeriformes","Acrocephalus stentoreus",24.6,14.7,4.4,4.6,27.3,80.1,18.2,62.1,22.6,74.5,24.2,"Wetland","3","2","Carnivore","Invertivore","Insessorial",5.92,47.28,32.95,75.17,4179062.95,"Extant","Aquatic_Coastal",0,0.715538444276227
"37","Acrocephalus_syrinx","Sylviidae","Passeriformes","Acrocephalus syrinx",24.8,14.2,4.5,4.2,26.1,76,12.3,63.4,16.3,71.4,34,"Forest","2","1","Carnivore","Invertivore","Terrestrial",5.26,7.46,6.63,158,562.18,"Extant","Forested_Vegetated",1,1.05554633572975
"38","Acrocephalus_taiti","Sylviidae","Passeriformes","Acrocephalus taiti",20.5,12.1,4.1,4,29.5,82,13.9,68.1,17,78,24.3,"Woodland","1","1","Carnivore","Invertivore","Insessorial",-24.42,-24.33,-24.38,-128.32,44.55,"Extant","Forested_Vegetated",1,0.719662161460089
"39","Acrocephalus_tangorum","Sylviidae","Passeriformes","Acrocephalus tangorum",14.5,8.6,3.6,2.8,21.6,53.5,10.3,43.1,19.4,53.2,8,"Wetland","2","3","Carnivore","Invertivore","Insessorial",45.42,53.16,49.24,127.78,753054.77,"Extant","Aquatic_Coastal",0,-0.391372647206578
"40","Acrocephalus_vaughani","Sylviidae","Passeriformes","Acrocephalus vaughani",20.4,11.8,4.2,4,27.9,77.4,13.3,64.7,17.1,71.4,24.4,"Forest","1","1","Carnivore","Invertivore","Insessorial",-25.08,-25.06,-25.07,-130.1,4.8,"Extant","Forested_Vegetated",1,0.723768943412742
"41","Amaurocichla_bocagei","Sylviidae","Passeriformes","Amaurocichla bocagei",19.1,13,3.9,3.8,23.9,63,6.9,56.1,11,34,7,"Forest","1","1","Carnivore","Invertivore","Terrestrial",0.07,0.34,0.21,6.56,340.89,"Extant","Forested_Vegetated",1,-0.524904039831101
"42","Amphilais_seebohmi","Sylviidae","Passeriformes","Amphilais seebohmi",12,6.3,2.5,3.2,18.5,50.1,6,44.1,12.1,92.5,12.3,"Shrubland","3","1","Carnivore","Invertivore","Insessorial",-25.2,-12.43,-18.92,47.68,290843.73,"Extant","Arid_Open",1,0.0387850734919581
"43","Artisornis_metopias","Sylviidae","Passeriformes","Artisornis metopias",14.5,7.4,2.7,2.3,21.8,46.7,4,41.9,8.8,39.9,8.4,"Forest","1","1","Carnivore","Invertivore","Insessorial",-13.33,-3.84,-8.22,36.13,68472.65,"Extant","Forested_Vegetated",1,-0.342582483037146
"44","Artisornis_moreaui","Sylviidae","Passeriformes","Artisornis moreaui",16.9,8.8,2.9,2.7,17.9,47.3,4.8,38.9,10.9,52.4,9.2,"Forest","1","1","Carnivore","Invertivore","Insessorial",-12.86,-4.83,-9.66,36.61,990.97,"Extant","Forested_Vegetated",1,-0.251610704831419
"45","Bathmocercus_cerviniventris","Sylviidae","Passeriformes","Bathmocercus cerviniventris",14.4,8.6,3.6,4,23.3,57.1,5,51.6,8.9,51.4,15.8,"Forest","1","1","Carnivore","Invertivore","Insessorial",4.88,9.37,7.23,-9.35,84168.02,"Extant","Forested_Vegetated",1,0.289195751146507
"46","Bathmocercus_rufus","Sylviidae","Passeriformes","Bathmocercus rufus",15.7,7.6,3.3,3.7,25,56.7,4.5,52.9,7.8,55,15.4,"Forest","1","1","Carnivore","Invertivore","Insessorial",-4.91,6.49,1.69,19.03,638060.54,"Extant","Forested_Vegetated",1,0.26355332053317
"47","Bathmocercus_winifredae","Sylviidae","Passeriformes","Bathmocercus winifredae",15.6,8.4,3.3,3.5,22.1,56.3,4.5,51.8,8.1,53.8,14.8,"Forest","1","1","Carnivore","Invertivore","Insessorial",-7.97,-5.91,-6.89,36.77,6749.9,"Extant","Forested_Vegetated",1,0.223812991883655
"48","Bernieria_apperti","Sylviidae","Passeriformes","Bernieria apperti",13.6,7.5,2.8,3,19.7,62,7.7,54.3,12.4,59,14.6,"Woodland","1","1","Carnivore","Invertivore","Terrestrial",-22.95,-22.37,-22.61,44.73,1495.63,"Extant","Forested_Vegetated",1,0.210207339827877
"49","Bernieria_cinereiceps","Sylviidae","Passeriformes","Bernieria cinereiceps",14.6,8,2.6,3.2,21.8,70.2,9.2,61.1,12.9,59.5,18.2,"Forest","1","1","Carnivore","Invertivore","Insessorial",-25.02,-12.49,-18.47,47.92,163803.27,"Extant","Forested_Vegetated",1,0.430607405196336
"50","Bernieria_madagascariensis","Sylviidae","Passeriformes","Bernieria madagascariensis",24.4,14.1,3.4,4.7,23.4,77.2,8.7,66.6,11.4,72.4,25.3,"Forest","1","1","Carnivore","Invertivore","Insessorial",-25.18,-11.95,-18.39,47.06,445930.23,"Extant","Forested_Vegetated",1,0.75999020684706
"51","Bernieria_tenebrosa","Sylviidae","Passeriformes","Bernieria tenebrosa",15.4,7.6,3,3.8,23.4,67.5,7.4,60,10.9,48.5,21.4,"Forest","1","1","Carnivore","Invertivore","Terrestrial",-19.26,-14.41,-16.15,49.5,15950.29,"Extant","Forested_Vegetated",1,0.592576733141392
"52","Bernieria_zosterops","Sylviidae","Passeriformes","Bernieria zosterops",16.8,9.3,3.1,3.9,21.6,71.5,9.7,62,13.6,70.6,10.9,"Forest","1","1","Carnivore","Invertivore","Insessorial",-25.18,-12.43,-18.56,48.31,210073.52,"Extant","Forested_Vegetated",1,-0.0820513996513159
"53","Bowdleria_punctata","Sylviidae","Passeriformes","Bowdleria punctata",15.4,9.3,3.6,4.5,24.4,66.4,9.8,57.4,14.6,74.7,25.2,"Shrubland","2","1","Carnivore","Invertivore","Generalist",-48.02,-34.39,-41.77,172.11,196473.42,"Extant","Arid_Open",1,0.756029805630964
"54","Bradypterus_accentor","Sylviidae","Passeriformes","Bradypterus accentor",14.8,8.8,3.3,3.4,22.8,58,6.2,51.3,10.8,61.2,14,"Forest","1","1","Carnivore","Invertivore","Generalist",5.47,6.18,5.89,116.45,488.6,"Extant","Forested_Vegetated",1,0.168243140728844
"55","Bradypterus_alfredi","Sylviidae","Passeriformes","Bradypterus alfredi",16.4,9.2,3,3.7,22.2,57.8,4.9,52.9,8.5,58,17.5,"Forest","2","1","Carnivore","Invertivore","Generalist",-12.27,9.67,-3.12,28.88,91453.25,"Extant","Forested_Vegetated",1,0.391386692043055
"56","Bradypterus_alishanensis","Sylviidae","Passeriformes","Bradypterus alishanensis",13.8,7.8,2.6,2.8,19.6,54,10.3,43.7,19.1,58.5,10,"Grassland","2","1","Carnivore","Invertivore","Generalist",22.37,24.82,23.76,121.11,12632.48,"Extant","Arid_Open",1,-0.168229095892368
"57","Bradypterus_baboecala","Sylviidae","Passeriformes","Bradypterus baboecala",14.8,8.2,2.5,3,20.4,58.5,7.3,50.8,12.6,64.2,12.9,"Wetland","3","1","Carnivore","Invertivore","Insessorial",-34.84,13.42,-15.21,28.68,3450481.85,"Extant","Aquatic_Coastal",1,0.0864131224812126
"58","Bradypterus_bangwaensis","Sylviidae","Passeriformes","Bradypterus bangwaensis",15.7,8,2.8,3.4,24.1,61.3,5.1,56,8.3,65.6,21,"Forest","1","1","Carnivore","Invertivore","Insessorial",4.13,7.45,6.19,10.67,6930.35,"Extant","Forested_Vegetated",1,0.573708248837009
"59","Bradypterus_barratti","Sylviidae","Passeriformes","Bradypterus barratti",14.3,7.5,3,3.4,21.9,62.3,8,54.1,12.8,71.2,18.8,"Forest","1","2","Carnivore","Invertivore","Generalist",-33.78,-18.16,-28.28,29.67,227225.24,"Extant","Forested_Vegetated",0,0.46304268094949
"60","Bradypterus_carpalis","Sylviidae","Passeriformes","Bradypterus carpalis",16.5,9.6,2.8,3.6,26.2,67.8,7.1,60.8,10.4,71.3,22.4,"Wetland","3","1","Carnivore","Invertivore","Insessorial",-10.77,4.48,-3.28,29.91,116124.15,"Extant","Aquatic_Coastal",1,0.63824676997458
"61","Bradypterus_castaneus","Sylviidae","Passeriformes","Bradypterus castaneus",19.3,9,3,3.5,24.9,57.8,4.6,53.1,8,55.3,19,"Forest","1","2","Carnivore","Invertivore","Generalist",-5.43,1.22,-2.05,120.93,35721.93,"Extant","Forested_Vegetated",0,0.473624790280026
"62","Bradypterus_caudatus","Sylviidae","Passeriformes","Bradypterus caudatus",15.4,8.6,3,3.6,25.3,60.7,5.2,55.2,8.7,83,22.9,"Forest","1","2","Carnivore","Invertivore","Generalist",6.85,18.53,12.78,122.92,24616.94,"Extant","Forested_Vegetated",0,0.66032272167378
"63","Bradypterus_cinnamomeus","Sylviidae","Passeriformes","Bradypterus cinnamomeus",15.6,7.4,2.9,3.2,23.1,62.3,5.6,56.6,9,65.3,17.4,"Forest","1","1","Carnivore","Invertivore","Generalist",-16.23,13.71,-0.05,34.45,513979.16,"Extant","Forested_Vegetated",1,0.385656017334069
"64","Bradypterus_davidi","Sylviidae","Passeriformes","Bradypterus davidi",12.1,6.7,2.4,2.6,18.5,53.2,10.3,41.5,19.9,43.2,10,"Shrubland","2","3","Carnivore","Invertivore","Generalist",37.6,55.85,49.15,120.27,1190161.8,"Extant","Arid_Open",0,-0.168229095892368
"65","Bradypterus_grandis","Sylviidae","Passeriformes","Bradypterus grandis",15.4,9,3.1,4,24.8,66,6,60,9.1,82,18.5,"Wetland","3","1","Carnivore","Invertivore","Insessorial",-2.09,2.94,-0.94,11.92,12448.47,"Extant","Aquatic_Coastal",1,0.446956543197865
"66","Bradypterus_graueri","Sylviidae","Passeriformes","Bradypterus graueri",12.4,7.7,3.3,3.8,24.2,57.5,6.6,50.9,11.5,70.7,17,"Wetland","2","1","Carnivore","Invertivore","Insessorial",-4.04,0,-1.61,29.18,15367.1,"Extant","Aquatic_Coastal",1,0.362399155169802
"67","Bradypterus_lopezi","Sylviidae","Passeriformes","Bradypterus lopezi",16.4,7.7,3,3.2,23.3,60.6,6.6,54,10.9,58.7,19.2,"Forest","1","1","Carnivore","Invertivore","Generalist",-17.2,5.96,-8.45,30.35,424179.16,"Extant","Forested_Vegetated",1,0.484096090147322
"68","Bradypterus_luteoventris","Sylviidae","Passeriformes","Bradypterus luteoventris",12.6,7.1,2.6,2.9,19,51.6,5.4,45.9,10.6,55,13.2,"Shrubland","1","2","Carnivore","Invertivore","Generalist",16.8,29.69,24.82,105.55,1644977.71,"Extant","Arid_Open",0,0.109402640705911
"69","Bradypterus_major","Sylviidae","Passeriformes","Bradypterus major",15.8,10.3,2.9,3,21.4,57.7,9.2,48.1,16.2,60.6,13,"Shrubland","3","2","Carnivore","Invertivore","Generalist",32.98,38.85,35.68,76.52,72981.07,"Extant","Arid_Open",0,0.0941351685751228
"70","Bradypterus_mandelli","Sylviidae","Passeriformes","Bradypterus mandelli",13,7.2,2.8,3,17.8,50,7.4,42.5,14.9,55,11.3,"Shrubland","2","2","Carnivore","Invertivore","Generalist",11.66,30.04,24.72,106.12,1711612.35,"Extant","Arid_Open",0,-0.046011463168119
"71","Bradypterus_montis","Sylviidae","Passeriformes","Bradypterus montis",13.8,7.9,3.2,3.3,20.8,54.8,6.8,48,12.4,65.5,14,"Shrubland","2","1","Carnivore","Invertivore","Generalist",NA,NA,NA,NA,NA,"Extant","Arid_Open",1,0.168243140728844
"72","Bradypterus_palliseri","Sylviidae","Passeriformes","Bradypterus palliseri",17.1,8.9,3,3.5,25.2,59.7,5.1,54,8.6,67.4,9,"Forest","2","1","Carnivore","Invertivore","Insessorial",6.69,7.6,7,80.78,3806.14,"Extant","Forested_Vegetated",1,-0.273589611550194
"73","Bradypterus_seebohmi","Sylviidae","Passeriformes","Bradypterus seebohmi",13.6,7.4,3.1,3.2,21.8,53.5,8.2,45.2,15.2,62.5,11.3,"Grassland","3","1","Carnivore","Invertivore","Generalist",15.96,17.75,16.88,120.91,7104.37,"Extant","Arid_Open",1,-0.046011463168119
"74","Bradypterus_sylvaticus","Sylviidae","Passeriformes","Bradypterus sylvaticus",14.4,8.1,2.7,3.1,19.2,57,8.3,48.7,14.5,56.8,21,"Forest","2","1","Carnivore","Invertivore","Generalist",-34.21,-31.42,-33.43,24.28,8825.28,"Extant","Forested_Vegetated",1,0.573708248837009
"75","Bradypterus_tacsanowskius","Sylviidae","Passeriformes","Bradypterus tacsanowskius",13.2,7.3,2.3,2.9,19.1,56.1,10,46.1,17.8,58.5,14,"Shrubland","2","3","Carnivore","Invertivore","Generalist",22.19,54.31,40.23,110.99,2385550,"Extant","Arid_Open",0,0.168243140728844
"76","Bradypterus_thoracicus","Sylviidae","Passeriformes","Bradypterus thoracicus",12.7,7.2,2.5,2.9,19.4,53.4,7.8,45.3,14.7,52.6,10.8,"Shrubland","2","1","Carnivore","Invertivore","Generalist",23.56,36.91,30.45,99.51,1118412.05,"Extant","Arid_Open",1,-0.0912680547562399
"77","Bradypterus_timorensis","Sylviidae","Passeriformes","Bradypterus timorensis",13.5,7.9,2.9,3.2,18.8,54,7.9,46.1,14.6,71,11.3,"Shrubland","1","1","Carnivore","Invertivore","Generalist",-9.67,-9.49,-9.58,124.19,253.94,"Extant","Arid_Open",1,-0.046011463168119
"78","Bradypterus_victorini","Sylviidae","Passeriformes","Bradypterus victorini",13.9,7,2.5,3.1,20.8,52,3.1,48.9,6,72.1,10,"Shrubland","2","1","Carnivore","Invertivore","Terrestrial",-34.83,-32.05,-33.64,21.4,78210.99,"Extant","Arid_Open",1,-0.168229095892368
"79","Buettikoferella_bivittata","Sylviidae","Passeriformes","Buettikoferella bivittata",18,10.1,3.1,4.4,23.2,64.2,6.8,57.4,10.7,76.5,30,"Forest","2","1","Carnivore","Invertivore","Generalist",-10.37,-8.33,-9.23,125.12,25788.08,"Extant","Forested_Vegetated",1,0.930383192775742
"80","Cettia_acanthizoides","Sylviidae","Passeriformes","Cettia acanthizoides",11.3,5.6,2.4,2.4,19.8,51.1,6.6,44.5,12.9,46.8,5.3,"Shrubland","2","2","Carnivore","Invertivore","Generalist",22.9,34.03,30.19,106.58,311800.42,"Extant","Arid_Open",0,-0.803107368328338
"81","Cettia_annae","Sylviidae","Passeriformes","Cettia annae",21.3,10.7,3.4,3.7,27.8,70,10.7,59.3,15.2,62,18.5,"Forest","1","1","Carnivore","Invertivore","Generalist",6.97,7.73,7.46,134.54,442.79,"Extant","Forested_Vegetated",1,0.446956543197865
"82","Cettia_brunnescens","Sylviidae","Passeriformes","Cettia brunnescens",12.2,6.2,2.4,2.4,20.3,51.5,6.3,44.8,12.4,48,5.3,"Shrubland","2","2","Carnivore","Invertivore","Generalist",26.91,31.09,28.62,88.71,215910.72,"Extant","Arid_Open",0,-0.803107368328338
"83","Cettia_brunnifrons","Sylviidae","Passeriformes","Cettia brunnifrons",11,5.2,2.1,2.4,18.2,45.4,4.8,40.7,10.7,43.2,7.3,"Shrubland","2","2","Carnivore","Invertivore","Generalist",22.35,34.92,29.04,95.71,1343501.57,"Extant","Arid_Open",0,-0.482939840732068
"84","Cettia_canturians","Sylviidae","Passeriformes","Cettia canturians",16.7,8.8,3.2,3.9,26.6,71.6,12.9,57.6,18.2,70.8,22.3,"Shrubland","1","2","Carnivore","Invertivore","Generalist",29.14,45.88,35.99,118.88,1372661.27,"Extant","Arid_Open",0,0.633772489579659
"85","Cettia_carolinae","Sylviidae","Passeriformes","Cettia carolinae",20,10.8,5.2,4.2,25,61,11.2,49.9,18.4,43,17.1,"Forest","1","1","Carnivore","Invertivore","Generalist",-8.03,-7.11,-7.59,131.41,3225.7,"Extant","Forested_Vegetated",1,0.3682642746222
"86","Cettia_cetti","Sylviidae","Passeriformes","Cettia cetti",14.3,7.6,2.4,3,20.3,60.6,8.7,51.9,14.3,58.2,13.2,"Shrubland","2","1","Carnivore","Invertivore","Generalist",27.19,54.72,41.65,39.12,5290133.33,"Extant","Arid_Open",1,0.109402640705911
"87","Cettia_diphone","Sylviidae","Passeriformes","Cettia diphone",16.6,8.3,3.4,4,25,60.6,8.5,51,14.3,59.8,13.3,"Shrubland","1","1","Carnivore","Invertivore","Generalist",24.04,48.97,38.12,137.96,415764.25,"Extant","Arid_Open",1,0.116949846341294
"88","Cettia_flavolivacea","Sylviidae","Passeriformes","Cettia flavolivacea",13.1,6.6,2.8,2.4,21.4,53.6,7.1,45.9,13.3,48.8,8,"Shrubland","2","2","Carnivore","Invertivore","Generalist",NA,NA,NA,NA,NA,"Extant","Arid_Open",0,-0.391372647206578
"89","Cettia_fortipes","Sylviidae","Passeriformes","Cettia fortipes",13.5,6.8,2.6,2.9,21.1,52.7,5.9,46.5,11.3,44.2,9.6,"Forest","1","2","Carnivore","Invertivore","Generalist",20.23,35.58,27.9,105.4,2424335.04,"Extant","Forested_Vegetated",0,-0.209051090412623
"90","Cettia_haddeni","Sylviidae","Passeriformes","Cettia haddeni",18.9,9.9,4.3,4.2,28.6,63.2,5.7,57.5,9,41,24.8,"Forest","1","1","Carnivore","Invertivore","Generalist",-6.55,-5.65,-5.95,155.08,549.11,"Extant","Forested_Vegetated",1,0.740029464284523
"91","Cettia_major","Sylviidae","Passeriformes","Cettia major",13.4,6.4,2.8,2.8,23.8,62.3,7,55.3,11.3,47.8,9.7,"Forest","1","1","Carnivore","Invertivore","Generalist",23.9,36.86,29.9,97.87,1701566.02,"Extant","Forested_Vegetated",1,-0.198688303377077
"92","Cettia_pallidipes","Sylviidae","Passeriformes","Cettia pallidipes",13,6.9,2.4,2.7,19.1,49.1,5.4,44.2,10.8,41,10,"Shrubland","2","1","Carnivore","Invertivore","Generalist",10.51,31.51,23.81,97.19,1159426.52,"Extant","Arid_Open",1,-0.168229095892368
"93","Cettia_parens","Sylviidae","Passeriformes","Cettia parens",15.5,9.2,3.2,3.7,22.6,51.5,4.6,47,8.9,43,14,"Forest","1","1","Carnivore","Invertivore","Generalist",-10.75,-10.48,-10.64,161.95,202.26,"Extant","Forested_Vegetated",1,0.168243140728844
"94","Cettia_ruficapilla","Sylviidae","Passeriformes","Cettia ruficapilla",16.2,8.8,2.8,3.3,23.2,57.2,8.7,48.6,15.2,51.2,12.7,"Forest","1","1","Carnivore","Invertivore","Generalist",-19.17,-16.15,-17.44,170.95,16891.29,"Extant","Forested_Vegetated",1,0.0707878045781318
"95","Cettia_seebohmi","Sylviidae","Passeriformes","Cettia seebohmi",13.1,6.6,2.6,3,18.1,51.4,4.7,44.8,9.6,85.5,12.2,"Forest","1","1","Carnivore","Invertivore","Generalist",15.85,18.48,16.93,121,14356.22,"Extant","Forested_Vegetated",1,0.0306217628527969
"96","Cettia_vulcania","Sylviidae","Passeriformes","Cettia vulcania",13.7,7,2.7,2.7,23.2,51.4,7.4,44,14.3,55.2,8,"Shrubland","1","2","Carnivore","Invertivore","Generalist",NA,NA,NA,NA,NA,"Extant","Arid_Open",0,-0.391372647206578
"97","Chaetornis_striata","Sylviidae","Passeriformes","Chaetornis striata",15.2,7.8,3.7,5.1,27.3,83,16.1,66.1,19.4,84.6,31.5,"Grassland","3","2","Carnivore","Invertivore","Generalist",18.92,33.58,26.04,82.08,653941.16,"Extant","Arid_Open",0,0.979173356945173
"98","Chloropeta_gracilirostris","Sylviidae","Passeriformes","Chloropeta gracilirostris",14.1,8.2,3,3,22.8,58,6,52,10.3,64.2,10.8,"Wetland","3","1","Carnivore","Invertivore","Insessorial",-10.16,1.82,-1.73,30.4,75859.26,"Extant","Aquatic_Coastal",1,-0.0912680547562399
"99","Chloropeta_natalensis","Sylviidae","Passeriformes","Chloropeta natalensis",14.6,7.8,4.9,3.4,20.7,61.5,8.4,52.7,13.8,60.8,11.7,"Shrubland","2","1","Carnivore","Invertivore","Insessorial",-32.66,11.63,-8.74,26.84,3742433.69,"Extant","Arid_Open",1,-0.0112253470827035
"100","Chloropeta_similis","Sylviidae","Passeriformes","Chloropeta similis",15.6,7.6,4.4,3,22.2,59.9,7.3,52,12.3,57.1,11.1,"Forest","2","1","Carnivore","Invertivore","Insessorial",-11.12,4.81,-3.24,33.94,283650.62,"Extant","Forested_Vegetated",1,-0.0638690805681255
"101","Cincloramphus_cruralis","Sylviidae","Passeriformes","Cincloramphus cruralis",20.3,11.1,4.2,4.5,34.3,94.3,22.3,73,23,86.4,49.2,"Grassland","3","3","Carnivore","Invertivore","Terrestrial",-39.14,-16.36,-27.87,134.06,5817166.56,"Extant","Arid_Open",0,1.42507943461185
"102","Cincloramphus_mathewsi","Sylviidae","Passeriformes","Cincloramphus mathewsi",16.6,8.8,3.6,3.9,25.7,86.2,17.8,64.2,21.4,78.4,29.3,"Grassland","3","3","Carnivore","Invertivore","Terrestrial",-37.96,-20.74,-30.05,138.89,2030401.43,"Extant","Arid_Open",0,0.906773327136608
"103","Crossleyia_xanthophrys","Sylviidae","Passeriformes","Crossleyia xanthophrys",14.9,7.3,2.9,3.1,25.3,68.6,7,61.6,10.2,67.8,19.9,"Forest","1","1","Carnivore","Invertivore","Terrestrial",-24.93,-13.62,-18.2,48.41,22717.1,"Extant","Forested_Vegetated",1,0.519905542844033
"104","Cryptosylvicola_randrianasoloi","Sylviidae","Passeriformes","Cryptosylvicola randrianasoloi",13.6,7.3,2.5,2.8,17,50,6.4,43.6,12.8,46.8,8.6,"Forest","1","1","Carnivore","Invertivore","Insessorial",-25.01,-13.29,-18.32,48.18,115073.28,"Extant","Forested_Vegetated",1,-0.319051985626952
"105","Dromaeocercus_brunneus","Sylviidae","Passeriformes","Dromaeocercus brunneus",11.8,6.5,2.6,3.1,19.1,49.9,4.3,45.8,8.6,81.2,14.2,"Forest","1","1","Carnivore","Invertivore","Generalist",-25,-13.58,-18.02,48.54,52379.86,"Extant","Forested_Vegetated",1,0.182427775720801
"106","Eremiornis_carteri","Sylviidae","Passeriformes","Eremiornis carteri",14.8,8,2.7,3.3,15.3,54.4,7.4,47.2,13.6,64.7,12.2,"Grassland","3","1","Carnivore","Invertivore","Terrestrial",-26.78,-16.85,-21.84,130.39,1881674.61,"Extant","Arid_Open",1,0.0306217628527969
"107","Eremomela_atricollis","Sylviidae","Passeriformes","Eremomela atricollis",14.2,7.7,2.9,3,18.5,58.6,6.9,51.7,11.7,48.9,10.2,"Woodland","2","1","Carnivore","Invertivore","Insessorial",-15.71,-6.84,-11.52,24.73,1063082.23,"Extant","Forested_Vegetated",1,-0.148426468596189
"108","Eremomela_badiceps","Sylviidae","Passeriformes","Eremomela badiceps",13.2,7.6,3,3.1,17.5,55.1,6.4,47.7,11.8,40.6,10.6,"Forest","1","1","Carnivore","Invertivore","Insessorial",-9.15,9.68,0,15.83,3290010.91,"Extant","Forested_Vegetated",1,-0.109960187768392
"109","Eremomela_flavicrissalis","Sylviidae","Passeriformes","Eremomela flavicrissalis",9.9,5.8,2.2,2.5,15.9,49,5.3,43.7,10.8,27.8,4.5,"Shrubland","2","1","Carnivore","Invertivore","Insessorial",-3.62,11.32,4.48,41.54,893727.78,"Extant","Arid_Open",1,-0.96673679211014
"110","Eremomela_gregalis","Sylviidae","Passeriformes","Eremomela gregalis",10.8,5.8,2.1,2.5,16.9,51.5,6.9,44.2,13.6,48.8,6.8,"Shrubland","2","1","Carnivore","Invertivore","Insessorial",-33.59,-22.28,-30.36,20.11,271515.78,"Extant","Arid_Open",1,-0.553891576704353
"111","Eremomela_icteropygialis","Sylviidae","Passeriformes","Eremomela icteropygialis",11,6.2,2.4,2.5,16.9,53.2,6.6,46.4,12.5,33.6,7.5,"Shrubland","2","1","Carnivore","Invertivore","Insessorial",NA,NA,NA,NA,NA,"Extant","Arid_Open",1,-0.455911168344149
"112","Eremomela_pusilla","Sylviidae","Passeriformes","Eremomela pusilla",12.1,7,2.6,2.6,15.6,46.8,6.2,40.5,13.3,39,6.2,"Woodland","2","1","Carnivore","Invertivore","Insessorial",3.82,16.79,10.39,0.07,2960274.14,"Extant","Forested_Vegetated",1,-0.646264896835368
"113","Eremomela_scotops","Sylviidae","Passeriformes","Eremomela scotops",13.2,7.3,2.8,2.5,17.7,57,8.8,48.5,15.2,45.4,9,"Woodland","2","1","Carnivore","Invertivore","Insessorial",-28.95,0.18,-12.12,27.25,4568185.56,"Extant","Forested_Vegetated",1,-0.273589611550194
"114","Eremomela_turneri","Sylviidae","Passeriformes","Eremomela turneri",10.2,6.2,2.4,2.6,16.3,50.8,5,45.7,9.8,31.8,7.3,"Forest","1","1","Carnivore","Invertivore","Insessorial",-2.77,0.42,-1.28,30.53,980.79,"Extant","Forested_Vegetated",1,-0.482939840732068
"115","Eremomela_usticollis","Sylviidae","Passeriformes","Eremomela usticollis",12.7,6.8,2.6,2.4,20,54.2,6.8,46.7,12.8,42.8,8.4,"Woodland","2","1","Carnivore","Invertivore","Insessorial",-28.63,-10,-19.79,26.36,1430953.15,"Extant","Forested_Vegetated",1,-0.342582483037146
"116","Graminicola_bengalensis","Sylviidae","Passeriformes","Graminicola bengalensis",14.9,8.2,3,4,23.6,56.2,4.3,52,7.7,73.8,14.6,"Shrubland","3","1","Carnivore","Invertivore","Insessorial",12.47,29.36,26.23,94.27,232824.2,"Extant","Arid_Open",1,0.210207339827877
"117","Graueria_vittata","Sylviidae","Passeriformes","Graueria vittata",15.7,8.9,3.9,3.5,18.5,61,6,55,9.8,59.8,15.5,"Forest","1","1","Carnivore","Invertivore","Insessorial",-4.5,0.11,-2.03,29.17,44741.94,"Extant","Forested_Vegetated",1,0.270025835038787
"118","Hemitesia_neumanni","Sylviidae","Passeriformes","Hemitesia neumanni",14.5,7.2,3,3.7,24.5,62,4.8,57.2,7.7,59.4,14.2,"Forest","1","1","Carnivore","Invertivore","Terrestrial",-5.27,0.19,-2.3,28.91,37085.54,"Extant","Forested_Vegetated",1,0.182427775720801
"119","Hippolais_caligata","Sylviidae","Passeriformes","Hippolais caligata",12,7.5,2.8,2.6,19.3,59.4,10.1,49.4,17,45.6,8.9,"Shrubland","2","3","Carnivore","Invertivore","Insessorial",25.06,62.99,54.46,63.33,5841802.63,"Extant","Arid_Open",0,-0.28476291214832
"120","Hippolais_icterina","Sylviidae","Passeriformes","Hippolais icterina",17.5,9.1,3.8,3.4,20.6,77.9,24,53.8,30.8,54.6,13.2,"Woodland","1","3","Carnivore","Invertivore","Insessorial",35.77,68.41,54.61,35.37,6330920.54,"Extant","Forested_Vegetated",0,0.109402640705911
"121","Hippolais_languida","Sylviidae","Passeriformes","Hippolais languida",17.8,10.1,3.8,3.3,21.8,73.9,18.1,55.4,24.6,61.9,12,"Shrubland","2","3","Carnivore","Invertivore","Insessorial",26.78,44.78,36.55,55.64,3093496.38,"Extant","Arid_Open",0,0.0140924609015864
"122","Hippolais_olivetorum","Sylviidae","Passeriformes","Hippolais olivetorum",18.5,10.6,4.8,4.1,22.6,86.9,24.9,62,28.6,69.2,17.5,"Human Modified","2","3","Carnivore","Invertivore","Insessorial",32.4,44.19,38.79,28.46,285772.62,"Extant","Other",0,0.391386692043055
"123","Hippolais_opaca","Sylviidae","Passeriformes","Hippolais opaca",16.7,9.1,4.2,3.3,22.6,68.6,15.5,53.1,22.6,57.8,9,"Shrubland","2","3","Carnivore","Invertivore","Insessorial",24.57,42.77,33.54,-2.64,515405.67,"Extant","Arid_Open",0,-0.273589611550194
"124","Hippolais_pallida","Sylviidae","Passeriformes","Hippolais pallida",16.6,8.3,3.7,2.9,20.8,64.9,14.7,50.2,22.6,53,9,"Shrubland","2","3","Carnivore","Invertivore","Insessorial",10.15,48.66,36.23,41.64,4793435.1,"Extant","Arid_Open",0,-0.273589611550194
"125","Hippolais_polyglotta","Sylviidae","Passeriformes","Hippolais polyglotta",14.5,8.8,3.8,3.2,20.4,66.2,14.1,52.3,21.2,48.6,11,"Woodland","2","3","Carnivore","Invertivore","Insessorial",30.82,51.07,41.86,1.26,1710837.05,"Extant","Forested_Vegetated",0,-0.0729189160880432
"126","Hippolais_rama","Sylviidae","Passeriformes","Hippolais rama",17.8,8.7,3.1,2.6,18.5,60.6,11.2,49.9,18.3,52,9.3,"Shrubland","3","3","Carnivore","Invertivore","Insessorial",23.74,48.8,40.31,63.92,3621478.6,"Extant","Arid_Open",0,-0.240799788727204
"127","Hylia_prasina","Sylviidae","Passeriformes","Hylia prasina",13,8.3,3.4,3.4,20.1,61.5,8.4,54.7,13.4,42.9,13.1,"Forest","1","1","Carnivore","Invertivore","Insessorial",-12.55,13.31,1.83,13.35,4144582.44,"Extant","Forested_Vegetated",1,0.101798041320692
"128","Hyliota_australis","Sylviidae","Passeriformes","Hyliota australis",12.7,7.1,3.2,3.2,18.2,67.1,13.4,54.7,19.6,46.4,11.2,"Woodland","2","1","Carnivore","Invertivore","Insessorial",-24.41,2.34,-14.33,26.18,1342986.67,"Extant","Forested_Vegetated",1,-0.0549004105853652
"129","Hyliota_flavigaster","Sylviidae","Passeriformes","Hyliota flavigaster",15.2,8.2,3.5,3.4,17.3,66.1,11.8,53.9,18,43.6,12.5,"Woodland","2","1","Carnivore","Invertivore","Insessorial",-19.55,14.01,-1.21,18.27,4822595.38,"Extant","Forested_Vegetated",1,0.0549144554218417
"130","Hyliota_usambara","Sylviidae","Passeriformes","Hyliota usambara",12.9,7.3,3.2,3.3,16.2,62.5,11,51.5,17.6,40.5,11.2,"Forest","1","1","Carnivore","Invertivore","Insessorial",-5.2,-4.84,-5.02,38.68,412.8,"Extant","Forested_Vegetated",1,-0.0549004105853652
"131","Hyliota_violacea","Sylviidae","Passeriformes","Hyliota violacea",14.7,8.3,4.1,4,18.9,76.1,14.8,61.4,19.4,49.6,15.8,"Forest","1","1","Carnivore","Invertivore","Insessorial",-5.7,9.44,2.05,10.54,1001100.98,"Extant","Forested_Vegetated",1,0.289195751146507
"132","Locustella_certhiola","Sylviidae","Passeriformes","Locustella certhiola",14.1,8.3,2.8,3.4,20.9,61.4,15.6,44.7,25.8,53.6,14.4,"Shrubland","2","3","Carnivore","Invertivore","Insessorial",35.7,66.07,53.41,108.49,12473259.06,"Extant","Arid_Open",0,0.196414017695541
"133","Locustella_fasciolata","Sylviidae","Passeriformes","Locustella fasciolata",19.8,11.2,3.3,4.3,26.3,79.2,20.6,57.6,26.3,68.4,27.1,"Shrubland","2","3","Carnivore","Invertivore","Insessorial",41.43,59.1,53.16,116,3718939.31,"Extant","Arid_Open",0,0.828719538999241
"134","Locustella_fluviatilis","Sylviidae","Passeriformes","Locustella fluviatilis",14.4,8.1,2.8,3.4,20.4,74.7,21.9,53.2,29.2,56.8,16.1,"Wetland","3","3","Carnivore","Invertivore","Generalist",42.89,64.44,54.47,37.81,5232960.16,"Extant","Aquatic_Coastal",0,0.308005083104003
"135","Locustella_lanceolata","Sylviidae","Passeriformes","Locustella lanceolata",12.3,6.8,2.6,3.2,18.1,54.6,12.8,41.2,23.7,48.5,10.6,"Grassland","2","3","Carnivore","Invertivore","Generalist",40.72,68.75,57.51,111.96,10065240.33,"Extant","Arid_Open",0,-0.109960187768392
"136","Locustella_luscinioides","Sylviidae","Passeriformes","Locustella luscinioides",15.6,8.1,2.7,3,20.8,70.2,21.2,49.2,30.1,54.2,13.9,"Wetland","3","3","Carnivore","Invertivore","Generalist",32,60.84,47.96,39.14,4698320.69,"Extant","Aquatic_Coastal",0,0.161074651250232
"137","Locustella_naevia","Sylviidae","Passeriformes","Locustella naevia",14.7,7.3,2.6,2.9,20,64.1,16.3,47.9,25.4,56.5,13.3,"Shrubland","2","3","Carnivore","Invertivore","Generalist",38.77,65.84,52.97,43.23,7984518.2,"Extant","Arid_Open",0,0.116949846341294
"138","Locustella_ochotensis","Sylviidae","Passeriformes","Locustella ochotensis",16.2,9.4,3,3.4,24.4,69.5,20.4,48.9,29.6,58.2,18.5,"Shrubland","3","3","Carnivore","Invertivore","Generalist",41.92,61.38,55.49,146.31,837155.24,"Extant","Arid_Open",0,0.446956543197865
"139","Locustella_pleskei","Sylviidae","Passeriformes","Locustella pleskei",17.6,10.7,3.2,4.1,23.9,70,16.9,53.1,24,65,20,"Wetland","3","2","Carnivore","Invertivore","Generalist",32.65,43.06,35.45,128.19,4130.25,"Extant","Aquatic_Coastal",0,0.524918084667577
"140","Locustella_pryeri","Sylviidae","Passeriformes","Locustella pryeri",12.1,6.7,2.3,2.9,20.6,52.2,9.9,42.4,18.9,52.8,14.2,"Wetland","2","3","Carnivore","Invertivore","Insessorial",28.16,47.9,41.51,122.93,201150.62,"Extant","Aquatic_Coastal",0,0.182427775720801
"141","Macrosphenus_concolor","Sylviidae","Passeriformes","Macrosphenus concolor",16.8,10.1,3.4,3.4,19.6,55.6,4.3,51.4,7.8,41.3,13.9,"Forest","1","1","Carnivore","Invertivore","Insessorial",-8.63,10.3,1.28,13.62,3119489.65,"Extant","Forested_Vegetated",1,0.161074651250232
"142","Macrosphenus_flavicans","Sylviidae","Passeriformes","Macrosphenus flavicans",18.7,11.2,3.3,3,20.2,57.1,4.5,52.6,7.8,46.2,13.4,"Forest","1","1","Carnivore","Invertivore","Insessorial",-9.61,7.44,0.06,20.83,1810288.68,"Extant","Forested_Vegetated",1,0.124440518070452
"143","Macrosphenus_kempi","Sylviidae","Passeriformes","Macrosphenus kempi",19.9,12,3.2,3.1,21,55.7,3.6,51.4,6.6,39.5,12.6,"Forest","1","1","Carnivore","Invertivore","Insessorial",4.28,9,6.45,-4.15,456072.28,"Extant","Forested_Vegetated",1,0.0628826250710182
"144","Macrosphenus_kretschmeri","Sylviidae","Passeriformes","Macrosphenus kretschmeri",19,10.6,3.4,3.5,22.8,64.2,6.1,58.4,9.5,63.5,20,"Forest","1","1","Carnivore","Invertivore","Insessorial",-15.1,-2.52,-7.17,38.05,120112.34,"Extant","Forested_Vegetated",1,0.524918084667577
"145","Macrosphenus_pulitzeri","Sylviidae","Passeriformes","Macrosphenus pulitzeri",17.7,10,3.9,3.7,23.2,60,3.2,56.8,5.3,67.9,11.7,"Woodland","1","1","Carnivore","Invertivore","Insessorial",-14.18,-10.79,-12.46,13.86,5725.09,"Extant","Forested_Vegetated",1,-0.0112253470827035
"146","Megalurulus_grosvenori","Sylviidae","Passeriformes","Megalurulus grosvenori",20,11.5,4.3,4.5,31.4,67.5,10,57.5,14.8,56.6,54,NA,"1","1","Carnivore","Invertivore","Terrestrial",-6.01,-5.11,-5.48,151.17,2381.31,"Extant","Other",1,1.51816985767786
"147","Megalurulus_llaneae","Sylviidae","Passeriformes","Megalurulus llaneae",18.2,10.9,4.2,4.1,23.2,69.5,5.5,64,7.9,61,25.5,"Forest","1","1","Carnivore","Invertivore","Terrestrial",-6.32,-5.73,-6.03,155.18,814.06,"Extant","Forested_Vegetated",1,0.767864263277966
"148","Megalurulus_mariei","Sylviidae","Passeriformes","Megalurulus mariei",18.2,9.9,3.2,4.1,24.7,69,9,58.8,13.2,93.4,25,"Shrubland","2","1","Carnivore","Invertivore","Terrestrial",-22.4,-20.09,-21.33,165.48,16389.77,"Extant","Arid_Open",1,0.748061635981787
"149","Megalurulus_rubiginosus","Sylviidae","Passeriformes","Megalurulus rubiginosus",19.7,10.3,3.8,4.2,28.2,71.8,5.9,65.8,8.2,75,41.2,"Forest","1","1","Carnivore","Invertivore","Terrestrial",-6.31,-4.14,-5.48,150.64,33761.38,"Extant","Forested_Vegetated",1,1.24762406746907
"150","Megalurulus_whitneyi","Sylviidae","Passeriformes","Megalurulus whitneyi",18.4,11.5,3.7,4.3,26.1,63.2,6.8,56.4,10.8,63.2,36,"Forest","1","1","Carnivore","Invertivore","Terrestrial",-15.48,-9.61,-12.73,163.76,998.55,"Extant","Forested_Vegetated",1,1.1127047495697
"151","Megalurus_albolimbatus","Sylviidae","Passeriformes","Megalurus albolimbatus",17.4,10.6,3.4,3.3,23.4,57.5,5.5,52,9.6,59,14,"Wetland","3","1","Carnivore","Invertivore","Generalist",-9.16,-7.52,-8.63,140.94,2389.39,"Extant","Aquatic_Coastal",1,0.168243140728844
"152","Megalurus_gramineus","Sylviidae","Passeriformes","Megalurus gramineus",12.9,7.6,2.4,2.8,20,54,9,44.5,16.9,54.9,14.1,"Wetland","3","1","Carnivore","Invertivore","Generalist",-43.64,-3.71,-29.2,141.86,3277909.05,"Extant","Aquatic_Coastal",1,0.175360608497709
"153","Megalurus_palustris","Sylviidae","Passeriformes","Megalurus palustris",21.7,13.5,4.1,4.8,35.8,94,15.9,73.6,17.8,112.4,44.1,"Shrubland","3","2","Carnivore","Invertivore","Generalist",-8.85,32.29,19.65,97.08,2258407.86,"Extant","Arid_Open",0,1.31564559356639
"154","Megalurus_timoriensis","Sylviidae","Passeriformes","Megalurus timoriensis",16,8.7,3.4,4.1,24.6,64.6,9.3,59.4,13.5,93.6,21.6,"Wetland","3","1","Carnivore","Invertivore","Generalist",-35.65,18.65,-12.88,139.31,2865909.12,"Extant","Aquatic_Coastal",1,0.601879125803706
"155","Melocichla_mentalis","Sylviidae","Passeriformes","Melocichla mentalis",19,10.6,3.8,5.2,27.4,75.2,4.7,70.3,6.2,93.4,33.2,"Shrubland","2","1","Carnivore","Invertivore","Insessorial",-20.57,12.99,-0.78,18.88,6248614.06,"Extant","Arid_Open",1,1.03173568703603
"156","Nesillas_brevicaudata","Sylviidae","Passeriformes","Nesillas brevicaudata",16.4,9.2,3.5,3.2,25.6,64.4,8.6,55.8,13.4,67.5,16.1,"Forest","1","1","Carnivore","Invertivore","Insessorial",-11.94,-11.36,-11.66,43.34,1031.43,"Extant","Forested_Vegetated",1,0.308005083104003
"157","Nesillas_lantzii","Sylviidae","Passeriformes","Nesillas lantzii",15.4,8.2,3.1,3.4,22.4,61.2,7.1,53.9,11.7,80,19.7,"Shrubland","2","1","Carnivore","Invertivore","Insessorial",-25.61,-20.44,-23.7,44.68,69721.5,"Extant","Arid_Open",1,0.509804446857529
"158","Nesillas_longicaudata","Sylviidae","Passeriformes","Nesillas longicaudata",16.4,9,3.5,3.4,24,61.9,9.1,52.8,14.6,72.5,19.2,"Forest","1","1","Carnivore","Invertivore","Insessorial",NA,NA,NA,NA,NA,"Extant","Forested_Vegetated",1,0.484096090147322
"159","Nesillas_mariae","Sylviidae","Passeriformes","Nesillas mariae",17.3,9.2,3.2,3,21.8,62.8,10.1,52.6,16.1,68.5,16,"Forest","1","1","Carnivore","Invertivore","Insessorial",-12.39,-12.24,-12.32,43.73,209.4,"Extant","Forested_Vegetated",1,0.301774533353367
"160","Nesillas_typica","Sylviidae","Passeriformes","Nesillas typica",14.6,7.2,3.2,3.4,23.9,63.2,8.1,55.4,12.7,75.4,19.7,"Forest","1","1","Carnivore","Invertivore","Insessorial",-24.9,-11.95,-18.76,46.97,520535.1,"Extant","Forested_Vegetated",1,0.509804446857529
"161","Orthotomus_atrogularis","Sylviidae","Passeriformes","Orthotomus atrogularis",15.2,10,2.7,2.5,17.3,42.9,4.5,38.4,10.5,35.1,7.7,"Forest","1","1","Carnivore","Invertivore","Insessorial",-5.95,26.37,9.41,104.98,2752593.84,"Extant","Forested_Vegetated",1,-0.429593860026776
"162","Orthotomus_castaneiceps","Sylviidae","Passeriformes","Orthotomus castaneiceps",17.8,11.2,3.3,3.2,21.4,51.1,5,46.2,9.6,49.6,12.8,"Forest","1","1","Carnivore","Invertivore","Insessorial",9.04,18.65,14.86,121.62,122674.38,"Extant","Forested_Vegetated",1,0.0786309820391575
"163","Orthotomus_cinereiceps","Sylviidae","Passeriformes","Orthotomus cinereiceps",17.1,10.5,2.8,2.8,21,46.3,3.5,42.7,7.5,48.2,9,"Forest","1","1","Carnivore","Invertivore","Insessorial",6.4,8.73,7.82,123.06,20650.36,"Extant","Forested_Vegetated",1,-0.273589611550194
"164","Orthotomus_cuculatus","Sylviidae","Passeriformes","Orthotomus cuculatus",16.2,9.2,3.1,2.5,19.4,44.9,5.6,37.3,13.1,45.3,5.9,"Shrubland","2","1","Carnivore","Invertivore","Insessorial",-8.96,28.36,17.48,104.58,1523003.19,"Extant","Arid_Open",1,-0.69586183797474
"165","Orthotomus_derbianus","Sylviidae","Passeriformes","Orthotomus derbianus",17.4,11.2,3,3,19.6,47.8,3.9,43.9,8.1,44.8,10.7,"Forest","1","1","Carnivore","Invertivore","Insessorial",12.54,16.63,14.79,121.52,60394.18,"Extant","Forested_Vegetated",1,-0.100570447418554
"166","Orthotomus_frontalis","Sylviidae","Passeriformes","Orthotomus frontalis",16.7,10.5,2.9,2.7,18.8,45.7,3.2,42.5,7,40.8,8,"Forest","1","1","Carnivore","Invertivore","Insessorial",5.37,12.58,8.39,124.81,120551.54,"Extant","Forested_Vegetated",1,-0.391372647206578
"167","Orthotomus_heterolaemus","Sylviidae","Passeriformes","Orthotomus heterolaemus",15,10.3,2.4,2.8,19.4,45,2,43,4.4,40.8,8.3,"Forest","1","1","Carnivore","Invertivore","Insessorial",6.29,8.95,7.74,125.17,7657.18,"Extant","Forested_Vegetated",1,-0.354558674083862
"168","Orthotomus_nigriceps","Sylviidae","Passeriformes","Orthotomus nigriceps",17.4,10.3,3,3.4,22.1,51.8,7.4,44.1,14.4,47.5,9.8,"Forest","1","1","Carnivore","Invertivore","Insessorial",6.27,10.47,8.24,125.98,24461.65,"Extant","Forested_Vegetated",1,-0.188431803209888
"169","Orthotomus_ruficeps","Sylviidae","Passeriformes","Orthotomus ruficeps",15.7,10.6,2.9,2.5,19.4,47.5,5.7,42.1,12,41.1,7,"Shrubland","1","1","Carnivore","Invertivore","Insessorial",-7.99,17.73,1.15,107.77,887360.64,"Extant","Arid_Open",1,-0.524904039831101
"170","Orthotomus_samarensis","Sylviidae","Passeriformes","Orthotomus samarensis",16.5,10.6,3,2.8,21,42,3.1,38.9,7.4,41.7,8.9,"Forest","1","1","Carnivore","Invertivore","Insessorial",9.56,12.67,11.28,124.92,18296.84,"Extant","Forested_Vegetated",1,-0.28476291214832
"171","Orthotomus_sepium","Sylviidae","Passeriformes","Orthotomus sepium",15.2,9,2.6,2.6,19,44.8,4.4,40.4,9.8,41.5,8.4,"Forest","1","1","Carnivore","Invertivore","Insessorial",-8.96,-5.87,-7.38,110.48,140271.59,"Extant","Forested_Vegetated",1,-0.342582483037146
"172","Orthotomus_sericeus","Sylviidae","Passeriformes","Orthotomus sericeus",17.9,12,3.1,2.8,21.6,49.5,3.9,45.2,7.8,41.1,10.8,"Forest","2","1","Carnivore","Invertivore","Insessorial",-5.95,12.62,1.22,108,1068502.74,"Extant","Forested_Vegetated",1,-0.0912680547562399
"173","Orthotomus_sutorius","Sylviidae","Passeriformes","Orthotomus sutorius",15.5,8.9,2.7,2.6,19.3,45.5,4.8,40.8,10.4,47.7,7.5,"Shrubland","2","1","Carnivore","Invertivore","Insessorial",-8.85,34.26,21.01,90.34,6849946.15,"Extant","Arid_Open",1,-0.455911168344149
"174","Oxylabes_madagascariensis","Sylviidae","Passeriformes","Oxylabes madagascariensis",16.8,9.6,3.1,4.4,21.6,65,5.1,59.9,7.8,66.8,23.3,"Forest","1","1","Carnivore","Invertivore","Terrestrial",-25.14,-12.36,-18.58,48.44,172738.74,"Extant","Forested_Vegetated",1,0.677639171685241
"175","Phylloscopus_affinis","Sylviidae","Passeriformes","Phylloscopus affinis",10,6,2.6,2.2,18.3,59,8.9,50.9,14.8,43.8,7,"Shrubland","1","3","Carnivore","Invertivore","Insessorial",25.71,37.29,31.36,96.3,1835154.15,"Extant","Arid_Open",0,-0.524904039831101
"176","Phylloscopus_amoenus","Sylviidae","Passeriformes","Phylloscopus amoenus",14.3,7.6,2.9,3.1,22.9,58.5,10.1,48.4,17.3,40,10.5,"Forest","1","1","Carnivore","Invertivore","Generalist",-7.99,-7.91,-7.96,157.07,37.6,"Extant","Forested_Vegetated",1,-0.119438931722936
"177","Phylloscopus_armandii","Sylviidae","Passeriformes","Phylloscopus armandii",11.8,6.3,2.6,2.8,20.6,61.2,11.6,49.6,19,50.8,9.4,"Shrubland","2","1","Carnivore","Invertivore","Insessorial",24.2,45.82,35.32,107.59,2684989.68,"Extant","Arid_Open",1,-0.230104499610456
"178","Phylloscopus_bonelli","Sylviidae","Passeriformes","Phylloscopus bonelli",11.5,6.7,2.6,2.3,18.2,63.5,14.7,48.9,23.1,49.8,8.7,"Forest","2","3","Carnivore","Invertivore","Insessorial",31.07,49.73,42.2,3.08,1297862.66,"Extant","Forested_Vegetated",0,-0.307491163225876
"179","Phylloscopus_borealis","Sylviidae","Passeriformes","Phylloscopus borealis",13.5,8.8,3.1,3.1,17.9,66.2,17,48.9,25.8,47,10.9,"Forest","1","3","Carnivore","Invertivore","Insessorial",31,72.08,61.04,96.44,14062772.33,"Extant","Forested_Vegetated",0,-0.0820513996513159
"180","Phylloscopus_borealoides","Sylviidae","Passeriformes","Phylloscopus borealoides",11.9,6,3,2.9,17.8,62.2,14.9,47.2,24,50.7,9.8,"Forest","2","3","Carnivore","Invertivore","Insessorial",31.83,54.42,41.75,140.33,344620.15,"Extant","Forested_Vegetated",0,-0.188431803209888
"181","Phylloscopus_budongoensis","Sylviidae","Passeriformes","Phylloscopus budongoensis",10.4,5.5,2.4,2.8,17,51.6,5.9,45.6,11.5,35.2,8.2,"Forest","1","1","Carnivore","Invertivore","Insessorial",-4.35,3.27,0.77,26.11,176695.47,"Extant","Forested_Vegetated",1,-0.366680034616206
"182","Phylloscopus_canariensis","Sylviidae","Passeriformes","Phylloscopus canariensis",11.7,6.2,2.4,2.3,20.2,51.8,7.4,44.9,14.1,49,7.3,"Forest","2","1","Carnivore","Invertivore","Insessorial",27.64,28.85,28.19,-16.58,4943.1,"Extant","Forested_Vegetated",1,-0.482939840732068
"183","Phylloscopus_cantator","Sylviidae","Passeriformes","Phylloscopus cantator",11.8,6.7,2.5,2.6,16.2,53.8,9.6,43.7,18,42.4,6,"Forest","1","1","Carnivore","Invertivore","Insessorial",17.13,29.21,24.53,97.15,519456.43,"Extant","Forested_Vegetated",1,-0.679054719658359
"184","Phylloscopus_cebuensis","Sylviidae","Passeriformes","Phylloscopus cebuensis",12.5,7.3,3.1,2.9,19.2,51.5,8,43.5,15.5,48,9,"Forest","1","1","Carnivore","Invertivore","Insessorial",9.04,18.65,15.13,121.66,121172.88,"Extant","Forested_Vegetated",1,-0.273589611550194
"185","Phylloscopus_chloronotus","Sylviidae","Passeriformes","Phylloscopus chloronotus",9.5,4.8,2.3,1.9,15.8,50.5,8.6,41.9,17,37.2,4.9,"Forest","2","3","Carnivore","Invertivore","Insessorial",26.96,35.12,30.43,83.01,128236.98,"Extant","Forested_Vegetated",0,-0.881578983769833
"186","Phylloscopus_claudiae","Sylviidae","Passeriformes","Phylloscopus claudiae",11.2,6.1,2.9,2.8,16.2,59.9,12.1,47.8,20.2,47,7.6,"Forest","2","2","Carnivore","Invertivore","Insessorial",28.3,41.15,34.5,108.18,1152693.73,"Extant","Forested_Vegetated",0,-0.442665941594129
"187","Phylloscopus_collybita","Sylviidae","Passeriformes","Phylloscopus collybita",11.6,6,2.3,2.2,19.7,58.8,10.8,47.7,18.4,48.5,8.3,"Forest","1","3","Carnivore","Invertivore","Insessorial",35.32,72.32,58.34,69.53,16540252.02,"Extant","Forested_Vegetated",0,-0.354558674083862
"188","Phylloscopus_coronatus","Sylviidae","Passeriformes","Phylloscopus coronatus",13,7.4,3.2,3.1,16.6,61.3,13.8,47.5,22.6,47.4,10.1,"Woodland","2","3","Carnivore","Invertivore","Insessorial",26.98,54.57,44.03,128.7,2148136.05,"Extant","Forested_Vegetated",0,-0.1582787650392
"189","Phylloscopus_davisoni","Sylviidae","Passeriformes","Phylloscopus davisoni",10.8,5.9,2.6,2.6,17,52,8.8,43.2,16.9,42,6.4,"Forest","2","2","Carnivore","Invertivore","Insessorial",10.4,27.91,20.64,100.62,840915.26,"Extant","Forested_Vegetated",0,-0.614516198520788
"190","Phylloscopus_emeiensis","Sylviidae","Passeriformes","Phylloscopus emeiensis",9.9,6.2,2.7,2.3,16.5,56.5,9.8,46.6,17.4,40.6,10.5,"Forest","2","2","Carnivore","Invertivore","Insessorial",25.02,33.76,29.34,104.02,21846.58,"Extant","Forested_Vegetated",0,-0.119438931722936
"191","Phylloscopus_forresti","Sylviidae","Passeriformes","Phylloscopus forresti",9.6,5,2,2.1,16.4,53.2,9.2,44,17.3,41,5.4,"Forest","2","2","Carnivore","Invertivore","Insessorial",24.73,34.56,30.94,100.81,697649.37,"Extant","Forested_Vegetated",0,-0.784415235316185
"192","Phylloscopus_fuligiventer","Sylviidae","Passeriformes","Phylloscopus fuligiventer",12.6,6.4,2.5,2.2,20.8,54.9,6.5,48.4,11.9,46.2,8.8,"Shrubland","2","2","Carnivore","Invertivore","Insessorial",26.72,38,30.74,95.06,1038891.84,"Extant","Arid_Open",0,-0.296062467402253
"193","Phylloscopus_fuscatus","Sylviidae","Passeriformes","Phylloscopus fuscatus",11.9,7,2.5,2.6,21.4,62.3,12.1,51.1,19.1,53.4,8.7,"Wetland","1","3","Carnivore","Invertivore","Insessorial",28.54,66.78,52.86,120.24,11609109.62,"Extant","Aquatic_Coastal",0,-0.307491163225876
"194","Phylloscopus_goodsoni","Sylviidae","Passeriformes","Phylloscopus goodsoni",11.4,6,2,2.2,15.6,58.4,10.9,47.5,18.7,44.5,7.6,"Forest","2","3","Carnivore","Invertivore","Insessorial",21.42,32.25,26.69,114.62,928043.69,"Extant","Forested_Vegetated",0,-0.442665941594129
"195","Phylloscopus_griseolus","Sylviidae","Passeriformes","Phylloscopus griseolus",12.3,6.6,2.6,2.4,21.3,63.6,10.1,53.1,16,49.2,7.6,"Shrubland","2","3","Carnivore","Invertivore","Generalist",29.45,51.67,40.94,84.43,4312876.09,"Extant","Arid_Open",0,-0.442665941594129
"196","Phylloscopus_hainanus","Sylviidae","Passeriformes","Phylloscopus hainanus",11.1,6.4,2.3,2.1,16.5,51.5,6.8,44.8,13.1,38.6,9.5,"Forest","1","1","Carnivore","Invertivore","Insessorial",18.31,19.33,18.86,109.51,13199.58,"Extant","Forested_Vegetated",1,-0.219522390279919
"197","Phylloscopus_herberti","Sylviidae","Passeriformes","Phylloscopus herberti",11.1,5.9,2.8,2.6,18.3,51.2,5.5,44.7,10.9,35.7,8.9,"Forest","1","1","Carnivore","Invertivore","Insessorial",1.28,7.82,5.87,10.1,50664.2,"Extant","Forested_Vegetated",1,-0.28476291214832
"198","Phylloscopus_humei","Sylviidae","Passeriformes","Phylloscopus humei",10,5.4,2.4,2.1,17.5,54.6,13,40.5,24.8,39.6,6,"Forest","1","3","Carnivore","Invertivore","Insessorial",25.48,53.58,40.75,92.41,3694487.56,"Extant","Forested_Vegetated",0,-0.679054719658359
"199","Phylloscopus_ibericus","Sylviidae","Passeriformes","Phylloscopus ibericus",12.4,6.2,2.4,2.3,19.2,58.8,12,46.6,20.4,46.8,8.3,"Forest","2","3","Carnivore","Invertivore","Insessorial",34.23,43.79,40.01,-4.89,280602.15,"Extant","Forested_Vegetated",0,-0.354558674083862
"200","Phylloscopus_ijimae","Sylviidae","Passeriformes","Phylloscopus ijimae",13.9,7.7,3,3,18.8,63,15.1,47.9,24,50.5,8.7,"Forest","2","1","Omnivore","Invertivore","Insessorial",29.81,34.8,33.68,138.63,347.89,"Extant","Forested_Vegetated",1,-0.307491163225876
"201","Phylloscopus_inornatus","Sylviidae","Passeriformes","Phylloscopus inornatus",9.9,5.3,2.5,2.3,16.8,58.4,11.3,48.2,19,37.8,6.6,"Woodland","1","3","Carnivore","Invertivore","Insessorial",40.13,70.8,59.91,114.04,10713136.25,"Extant","Forested_Vegetated",0,-0.583744539854034
"202","Phylloscopus_kansuensis","Sylviidae","Passeriformes","Phylloscopus kansuensis",9.6,5.1,2.2,2.1,15.9,53.5,10.4,43.1,19.5,42.4,6.6,"Forest","1","1","Carnivore","Invertivore","Insessorial",32.97,38.99,36.08,101.95,157431.45,"Extant","Forested_Vegetated",1,-0.583744539854034
"203","Phylloscopus_laetus","Sylviidae","Passeriformes","Phylloscopus laetus",11.2,6.1,2.8,2.6,18.8,55.4,6,49.4,10.8,40.2,9.5,"Forest","1","1","Carnivore","Invertivore","Insessorial",-5.71,2.58,-2.16,29.4,81632.11,"Extant","Forested_Vegetated",1,-0.219522390279919
"204","Phylloscopus_laurae","Sylviidae","Passeriformes","Phylloscopus laurae",11.3,6,2.8,3,18.7,57.8,9.2,48.5,16,43.8,8.5,"Forest","2","1","Carnivore","Invertivore","Insessorial",-13.89,-8.05,-10.74,27.83,364414.58,"Extant","Forested_Vegetated",1,-0.330748025390143
"205","Phylloscopus_maculipennis","Sylviidae","Passeriformes","Phylloscopus maculipennis",8.9,4.2,2.6,2.1,18.1,46.8,7.8,38.4,17,31.8,5.1,"Forest","1","1","Carnivore","Invertivore","Insessorial",11.97,35.19,25.44,97.45,972285.74,"Extant","Forested_Vegetated",1,-0.841573649156134
"206","Phylloscopus_magnirostris","Sylviidae","Passeriformes","Phylloscopus magnirostris",13.6,7.2,3.1,2.9,19.2,67.2,13.8,54,20.4,52.2,11.6,"Forest","1","3","Carnivore","Invertivore","Insessorial",25.36,37.21,31.01,92.22,627409.71,"Extant","Forested_Vegetated",0,-0.0198090907740949
"207","Phylloscopus_makirensis","Sylviidae","Passeriformes","Phylloscopus makirensis",12.1,6.9,2.9,2.7,19.4,48.9,5.4,43.5,11,38.7,9.2,"Forest","1","1","Carnivore","Invertivore","Insessorial",NA,NA,NA,NA,NA,"Extant","Forested_Vegetated",1,-0.251610704831419
"208","Phylloscopus_neglectus","Sylviidae","Passeriformes","Phylloscopus neglectus",9.2,4.6,2,2.1,16.7,48.6,7.5,42,15.2,39.3,5.3,"Shrubland","2","3","Carnivore","Invertivore","Insessorial",26.73,39.51,33.68,58.18,809025.01,"Extant","Arid_Open",0,-0.803107368328338
"209","Phylloscopus_nitidus","Sylviidae","Passeriformes","Phylloscopus nitidus",12.4,6.6,2.7,2.7,19.1,62.5,14.4,47.2,23.4,50.4,7.8,"Forest","1","3","Carnivore","Invertivore","Insessorial",33.64,44.46,39.47,47.95,468375.06,"Extant","Forested_Vegetated",0,-0.416690455190868
"210","Phylloscopus_occipitalis","Sylviidae","Passeriformes","Phylloscopus occipitalis",12.9,7.7,3.4,2.8,16.7,63.4,12.3,50.7,19.4,49.6,9,"Forest","1","3","Carnivore","Invertivore","Insessorial",30.22,39.08,35.4,71.65,270137.8,"Extant","Forested_Vegetated",0,-0.273589611550194
"211","Phylloscopus_ogilviegranti","Sylviidae","Passeriformes","Phylloscopus ogilviegranti",10.5,5.7,2.7,2.6,17,52,8.1,43.6,15.7,41.4,6.4,"Forest","2","2","Carnivore","Invertivore","Insessorial",10.96,34.55,24.41,108.3,887609.37,"Extant","Forested_Vegetated",0,-0.614516198520788
"212","Phylloscopus_olivaceus","Sylviidae","Passeriformes","Phylloscopus olivaceus",13.3,7.5,3.1,3.2,18.4,58.9,7.6,51.2,12.9,52.8,9.7,"Forest","1","1","Carnivore","Invertivore","Insessorial",4.84,12.59,8.51,124.59,133609.09,"Extant","Forested_Vegetated",1,-0.198688303377077
"213","Phylloscopus_orientalis","Sylviidae","Passeriformes","Phylloscopus orientalis",12.1,6.2,2.4,2.4,17.6,66.7,15.7,51.7,23.3,51.4,8.5,"Woodland","2","3","Carnivore","Invertivore","Insessorial",32.79,45.52,40.6,25.6,323586.25,"Extant","Forested_Vegetated",0,-0.330748025390143
"214","Phylloscopus_poliocephalus","Sylviidae","Passeriformes","Phylloscopus poliocephalus",12.2,6.6,2.6,2.8,19.9,56.4,7.3,48.7,13,43,10.8,"Forest","1","1","Carnivore","Invertivore","Insessorial",NA,NA,NA,NA,NA,"Extant","Forested_Vegetated",1,-0.0912680547562399
"215","Phylloscopus_presbytes","Sylviidae","Passeriformes","Phylloscopus presbytes",11.8,7,2.3,2.6,19.8,56.5,6.8,49.8,12.1,45,9.5,"Forest","2","1","Carnivore","Invertivore","Insessorial",-10.94,-8.14,-9.2,124.33,36249.36,"Extant","Forested_Vegetated",1,-0.219522390279919
"216","Phylloscopus_proregulus","Sylviidae","Passeriformes","Phylloscopus proregulus",9.7,4.7,2.5,2.2,16.4,51.2,9.7,41.8,18.9,38.2,6,"Forest","1","3","Carnivore","Invertivore","Insessorial",42.67,61.01,53.21,117.16,5259814.86,"Extant","Forested_Vegetated",0,-0.679054719658359
"217","Phylloscopus_pulcher","Sylviidae","Passeriformes","Phylloscopus pulcher",10.7,5.5,2.3,2.1,18.5,58.8,8.2,50.8,14.2,40,6.8,"Forest","1","1","Carnivore","Invertivore","Insessorial",21.22,38.67,29,97.77,1028240.36,"Extant","Forested_Vegetated",1,-0.553891576704353
"218","Phylloscopus_reguloides","Sylviidae","Passeriformes","Phylloscopus reguloides",12.1,6.5,2.9,2.6,18,56.6,9,47.1,16.1,50.1,7.6,"Forest","1","3","Carnivore","Invertivore","Insessorial",11.31,32.53,24.78,99.57,1405045.54,"Extant","Forested_Vegetated",0,-0.442665941594129
"219","Phylloscopus_ricketti","Sylviidae","Passeriformes","Phylloscopus ricketti",12,6.8,2.7,2.7,16.3,55.7,10.7,45.4,19,40,6.3,"Forest","2","1","Carnivore","Invertivore","Insessorial",22.19,35.76,28.79,109.81,1630574.81,"Extant","Forested_Vegetated",1,-0.630264555488927
"220","Phylloscopus_ruficapilla","Sylviidae","Passeriformes","Phylloscopus ruficapilla",11.4,6,2.8,2.3,19.3,52.4,7.4,44.9,14.2,41.2,7.7,"Forest","1","1","Carnivore","Invertivore","Insessorial",-34.84,-3.05,-21.82,31.32,423407.96,"Extant","Forested_Vegetated",1,-0.429593860026776
"221","Phylloscopus_sarasinorum","Sylviidae","Passeriformes","Phylloscopus sarasinorum",12.1,6.2,2.5,2.8,20.6,56.4,5.7,50,10.2,41,10,"Forest","1","1","Carnivore","Invertivore","Insessorial",-5.47,1.42,-1.83,120.85,69176.02,"Extant","Forested_Vegetated",1,-0.168229095892368
"222","Phylloscopus_schwarzi","Sylviidae","Passeriformes","Phylloscopus schwarzi",12.2,6.4,2.9,3.1,21.3,63.2,11.2,50.5,18.1,50.2,11.4,"Shrubland","2","3","Carnivore","Invertivore","Insessorial",39.04,58.4,51.58,113,2917225.84,"Extant","Arid_Open",0,-0.0372008334859641
"223","Phylloscopus_sibilatrix","Sylviidae","Passeriformes","Phylloscopus sibilatrix",13.2,6.7,2.8,2.8,18,75.8,23.3,52.3,30.9,50.7,9.2,"Forest","1","3","Carnivore","Invertivore","Insessorial",38.84,69.08,54.15,28.43,6359810.96,"Extant","Forested_Vegetated",0,-0.251610704831419
"224","Phylloscopus_sindianus","Sylviidae","Passeriformes","Phylloscopus sindianus",10.9,5.5,2.2,2.1,17.9,53.4,8.3,43.7,15.9,44.4,7.5,"Forest","3","3","Carnivore","Invertivore","Insessorial",32.52,44.15,38.4,68.74,848350,"Extant","Forested_Vegetated",0,-0.455911168344149
"225","Phylloscopus_subaffinis","Sylviidae","Passeriformes","Phylloscopus subaffinis",11.4,6,2.3,2.2,18.6,50.9,6.9,44.2,13.6,46.3,6.2,"Shrubland","2","1","Carnivore","Invertivore","Insessorial",21.12,38.31,30.17,107.3,2492313.66,"Extant","Arid_Open",1,-0.646264896835368
"226","Phylloscopus_subviridis","Sylviidae","Passeriformes","Phylloscopus subviridis",10.5,5.6,2.4,2,17,54.1,8.4,44.5,15.9,42.8,5.5,"Forest","2","1","Carnivore","Invertivore","Insessorial",30.51,36.59,33.9,72.4,106723.57,"Extant","Forested_Vegetated",1,-0.766066096647989
"227","Phylloscopus_tenellipes","Sylviidae","Passeriformes","Phylloscopus tenellipes",12.2,6.6,2.7,2.9,17.5,59.9,13.8,46.1,23,49.5,11.8,"Forest","2","3","Carnivore","Invertivore","Insessorial",37.6,54.32,46.04,131.91,1086226.67,"Extant","Forested_Vegetated",0,-0.00271465741479471
"228","Phylloscopus_trivirgatus","Sylviidae","Passeriformes","Phylloscopus trivirgatus",12.2,6.7,2.9,2.8,19.8,56.5,8.8,47.8,15.5,41.3,9,"Forest","1","1","Carnivore","Invertivore","Insessorial",-9.11,18.65,2.53,110.74,539476.75,"Extant","Forested_Vegetated",1,-0.273589611550194
"229","Phylloscopus_trochiloides","Sylviidae","Passeriformes","Phylloscopus trochiloides",11.6,6.4,3,2.6,18.1,60.6,12.1,48.4,20,48.2,8.1,"Forest","1","3","Carnivore","Invertivore","Insessorial",26.83,68.55,50.87,83.37,13103240.81,"Extant","Forested_Vegetated",0,-0.378950127208021
"230","Phylloscopus_trochilus","Sylviidae","Passeriformes","Phylloscopus trochilus",12.8,6.6,2.6,2.6,19.3,65.9,17.1,48.8,25.9,52.3,8.7,"Forest","1","3","Carnivore","Invertivore","Insessorial",41.17,72.32,60.53,74.92,15839222.41,"Extant","Forested_Vegetated",0,-0.307491163225876
"231","Phylloscopus_tytleri","Sylviidae","Passeriformes","Phylloscopus tytleri",12.4,6.6,2.3,2.2,17.5,58.1,10.4,47,18.1,42.2,7.2,"Forest","2","3","Carnivore","Invertivore","Insessorial",31.6,36.54,34.53,73.68,213284.08,"Extant","Forested_Vegetated",0,-0.496733162864404
"232","Phylloscopus_umbrovirens","Sylviidae","Passeriformes","Phylloscopus umbrovirens",12.4,5.6,2.5,2.4,20,56.2,6.4,50.3,11.3,45,8.6,"Forest","2","1","Carnivore","Invertivore","Insessorial",-7.38,22.18,6.66,38.05,611974.74,"Extant","Forested_Vegetated",1,-0.319051985626952
"233","Phylloscopus_xanthoschistos","Sylviidae","Passeriformes","Phylloscopus xanthoschistos",10.9,5.8,2.6,2.6,17.4,52.9,8.6,44.6,16,43.4,6.9,"Forest","1","2","Carnivore","Invertivore","Insessorial",22.59,34.85,28.64,86.81,269573.71,"Extant","Forested_Vegetated",0,-0.5392927772832
"234","Phylloscopus_yunnanensis","Sylviidae","Passeriformes","Phylloscopus yunnanensis",9.8,5.3,2.3,2.1,15.4,52.2,9.8,41.8,19,37,6,"Shrubland","2","2","Carnivore","Invertivore","Insessorial",30.2,41.28,36.33,108.92,338812.66,"Extant","Arid_Open",0,-0.679054719658359
"235","Poliolais_lopezi","Sylviidae","Passeriformes","Poliolais lopezi",15,8.1,2.7,2.9,21.4,51.9,4.4,46.5,8.6,29.4,12,"Forest","1","1","Carnivore","Invertivore","Insessorial",3.21,6.89,5.59,10,37233.22,"Extant","Forested_Vegetated",1,0.0140924609015864
"236","Randia_pseudozosterops","Sylviidae","Passeriformes","Randia pseudozosterops",14.1,8.1,2.2,2.5,15.9,58,7.3,50.7,12.6,45.5,11,"Woodland","1","1","Carnivore","Invertivore","Insessorial",-25.14,-13.46,-18.79,48.45,149492.81,"Extant","Forested_Vegetated",1,-0.0729189160880432
"237","Schoenicola_brevirostris","Sylviidae","Passeriformes","Schoenicola brevirostris",13.1,6.8,2.8,3.6,18.6,59.1,8.9,50.2,15.1,78,15.7,"Grassland","3","1","Carnivore","Invertivore","Terrestrial",-32.41,10.58,-7.75,24.49,2804794.87,"Extant","Arid_Open",1,0.282846523467848
"238","Schoenicola_platyurus","Sylviidae","Passeriformes","Schoenicola platyurus",13.6,7.2,3.1,3.9,21.6,64.3,11,53.4,17,70.4,20,"Shrubland","3","1","Carnivore","Invertivore","Terrestrial",8.27,21.18,14.99,75.27,39801.45,"Extant","Arid_Open",1,0.524918084667577
"239","Seicercus_affinis","Sylviidae","Passeriformes","Seicercus affinis",15.3,6.8,2.9,2.7,16.3,57.3,10.4,47.2,18.1,46.2,6.9,"Forest","1","2","Carnivore","Invertivore","Insessorial",11.24,31.54,26.29,99.39,446873.33,"Extant","Forested_Vegetated",0,-0.5392927772832
"240","Seicercus_burkii","Sylviidae","Passeriformes","Seicercus burkii",16.9,6.5,3.1,2.6,16,52.2,7.1,45.2,13.5,41,7.3,"Forest","1","3","Carnivore","Invertivore","Insessorial",26.42,32.3,28.62,83.9,271138.68,"Extant","Forested_Vegetated",0,-0.482939840732068
"241","Seicercus_castaniceps","Sylviidae","Passeriformes","Seicercus castaniceps",9.6,4.9,2.5,2.4,15.4,48.8,9.5,39.3,19.3,37.2,5.3,"Forest","1","2","Carnivore","Invertivore","Insessorial",-3.74,31.44,23.28,102.4,2881104.86,"Extant","Forested_Vegetated",0,-0.803107368328338
"242","Seicercus_grammiceps","Sylviidae","Passeriformes","Seicercus grammiceps",9.9,5.2,2.6,2.3,16.7,50.3,7,43.9,13.8,43.5,5,"Forest","1","1","Carnivore","Invertivore","Insessorial",-8.44,5.09,-2.25,103.64,40371.48,"Extant","Forested_Vegetated",1,-0.861376276452314
"243","Seicercus_montis","Sylviidae","Passeriformes","Seicercus montis",9.6,5.7,2.8,2.7,16,49.4,8.7,39.3,18.1,38.2,6.4,"Forest","1","1","Carnivore","Invertivore","Insessorial",-10.04,11.43,1.31,108.88,369636.97,"Extant","Forested_Vegetated",1,-0.614516198520788
"244","Seicercus_omeiensis","Sylviidae","Passeriformes","Seicercus omeiensis",12.1,6.1,2.5,2.4,17.2,56.7,9.9,46.8,17.5,48.3,7.3,"Forest","1","3","Carnivore","Invertivore","Insessorial",25.31,34.53,30.99,104.49,235578.65,"Extant","Forested_Vegetated",0,-0.482939840732068
"245","Seicercus_poliogenys","Sylviidae","Passeriformes","Seicercus poliogenys",9.9,6.1,2.9,2.5,17.2,50,9.7,39.8,20,45,6.3,"Forest","1","2","Carnivore","Invertivore","Insessorial",11.21,29.96,22.59,99.31,1049263.64,"Extant","Forested_Vegetated",0,-0.630264555488927
"246","Seicercus_soror","Sylviidae","Passeriformes","Seicercus soror",12.4,6.6,3.3,2.9,16.5,55.6,10.2,45.5,18.2,46.5,7.3,"Forest","1","3","Carnivore","Invertivore","Insessorial",25.04,35.21,30.49,108.14,443899.08,"Extant","Forested_Vegetated",0,-0.482939840732068
"247","Seicercus_tephrocephalus","Sylviidae","Passeriformes","Seicercus tephrocephalus",11.7,6.2,3.1,2.7,17.5,54.6,7.7,46.6,14.1,46.4,7.3,"Forest","1","2","Carnivore","Invertivore","Insessorial",20.6,34.55,28.71,103.05,744061.62,"Extant","Forested_Vegetated",0,-0.482939840732068
"248","Seicercus_valentini","Sylviidae","Passeriformes","Seicercus valentini",11.6,6,3.3,2.7,17.4,54.8,8.9,45.9,16.2,46.4,7.3,"Forest","1","3","Carnivore","Invertivore","Insessorial",20.26,35.27,30.45,106.31,386353.34,"Extant","Forested_Vegetated",0,-0.482939840732068
"249","Seicercus_whistleri","Sylviidae","Passeriformes","Seicercus whistleri",11.8,6,2.9,2.4,18.1,56.2,8.3,48.1,14.8,49.6,7.3,"Forest","1","2","Carnivore","Invertivore","Insessorial",20.9,35.24,28.39,88.18,543406.62,"Extant","Forested_Vegetated",0,-0.482939840732068
"250","Sphenoeacus_afer","Sylviidae","Passeriformes","Sphenoeacus afer",17.3,8.9,3.3,4.8,22.5,66.2,5.7,60.6,8.6,98.8,30.4,"Shrubland","3","1","Carnivore","Invertivore","Insessorial",-34.84,-17.41,-28.46,27.83,430218.37,"Extant","Arid_Open",1,0.943628419525762
"251","Sylvia_althaea","Sylviidae","Passeriformes","Sylvia althaea",13.2,6.6,2.9,3.3,19.8,66.7,13.3,52.6,20.2,58,14.9,"Shrubland","2","3","Omnivore","Invertivore","Insessorial",NA,NA,NA,NA,NA,"Extant","Arid_Open",0,0.230547024064999
"252","Sylvia_atricapilla","Sylviidae","Passeriformes","Sylvia atricapilla",15.2,7.2,3.2,3.4,20.8,75.9,20.5,55.4,27,62.2,16.7,"Woodland","1","3","Omnivore","Omnivore","Insessorial",14.79,68.26,51.6,26.37,8628077.66,"Extant","Forested_Vegetated",0,0.344594530536296
"253","Sylvia_boehmi","Sylviidae","Passeriformes","Sylvia boehmi",11.9,6.7,3.2,3.5,19.7,64,9.9,53.1,15.7,64.7,14,"Woodland","2","1","Omnivore","Omnivore","Insessorial",-8.99,11.18,0.19,38.45,757783.64,"Extant","Forested_Vegetated",1,0.168243140728844
"254","Sylvia_borin","Sylviidae","Passeriformes","Sylvia borin",15.1,7.2,3.5,3.6,20.1,78.7,23.6,55.2,30,57.9,18.2,"Woodland","1","3","Omnivore","Omnivore","Insessorial",36.37,70.85,54.65,37.01,9648408.47,"Extant","Forested_Vegetated",0,0.430607405196336
"255","Sylvia_buryi","Sylviidae","Passeriformes","Sylvia buryi",18.1,9.9,3.3,3.8,24.5,67,7.4,59,11.2,71.7,22,"Woodland","1","1","Carnivore","Invertivore","Insessorial",13.24,19.58,16.77,43.38,62421.27,"Extant","Forested_Vegetated",1,0.620228264471902
"256","Sylvia_cantillans","Sylviidae","Passeriformes","Sylvia cantillans",11.8,5.9,2.4,2.8,18,60.3,13.2,47.3,21.8,53.5,9.6,"Shrubland","1","3","Omnivore","Invertivore","Insessorial",27.36,46.12,38.51,6.35,1510923.82,"Extant","Arid_Open",0,-0.209051090412623
"257","Sylvia_communis","Sylviidae","Passeriformes","Sylvia communis",13.6,7,2.8,3.3,21.3,72.6,17.6,55.1,24.2,63.3,15.1,"Shrubland","3","3","Omnivore","Invertivore","Insessorial",31.17,68.4,50.84,43.84,14124012.64,"Extant","Arid_Open",0,0.243880554934465
"258","Sylvia_conspicillata","Sylviidae","Passeriformes","Sylvia conspicillata",11.7,6,2.4,2.4,17.9,55.4,10.8,44.8,19.4,51.1,9,"Shrubland","2","3","Carnivore","Invertivore","Insessorial",14.8,44.66,35.25,1.99,1315716.19,"Extant","Arid_Open",0,-0.273589611550194
"259","Sylvia_curruca","Sylviidae","Passeriformes","Sylvia curruca",12.6,6.5,2.6,3,18.9,66.2,15.3,50.9,23.1,57.1,11.4,"Shrubland","3","3","Omnivore","Invertivore","Insessorial",31.4,69.78,55.05,62.03,16659794.83,"Extant","Arid_Open",0,-0.0372008334859641
"260","Sylvia_deserticola","Sylviidae","Passeriformes","Sylvia deserticola",11,6,2.4,2.6,18.6,53.9,8.7,45.1,16.2,54.2,8.6,"Shrubland","2","1","Carnivore","Invertivore","Insessorial",29.36,36,33.31,-0.38,297087.16,"Extant","Arid_Open",1,-0.319051985626952
"261","Sylvia_hortensis","Sylviidae","Passeriformes","Sylvia hortensis",17.7,10.1,3.7,4.3,23.9,79.2,19.2,60.2,24.1,67.6,21.9,"Woodland","2","3","Carnivore","Invertivore","Insessorial",26.75,47.78,37.58,30.89,3045829.07,"Extant","Forested_Vegetated",0,0.615672447936041
"262","Sylvia_layardi","Sylviidae","Passeriformes","Sylvia layardi",12.9,6.7,3.2,3.7,20.2,64.5,10.1,53.8,15.8,60.2,14.3,"Shrubland","2","1","Carnivore","Invertivore","Insessorial",-34.39,-18.86,-29.32,20.95,780211.28,"Extant","Arid_Open",1,0.189445348379448
"263","Sylvia_leucomelaena","Sylviidae","Passeriformes","Sylvia leucomelaena",13.8,8,3,3.7,20.2,69.1,9.7,60,13.8,71.8,13.9,"Woodland","2","1","Carnivore","Invertivore","Insessorial",8.72,31.63,17,44.69,547018.24,"Extant","Forested_Vegetated",1,0.161074651250232
"264","Sylvia_lugens","Sylviidae","Passeriformes","Sylvia lugens",13.5,7.3,3,3.4,19.9,63.4,8.9,55.1,13.9,60.8,14.9,"Woodland","2","1","Carnivore","Invertivore","Insessorial",-15.87,12.33,3.82,36.84,401532.97,"Extant","Forested_Vegetated",1,0.230547024064999
"265","Sylvia_melanocephala","Sylviidae","Passeriformes","Sylvia melanocephala",13.7,7.3,2.9,3,20.4,58.7,10.5,48,18,61.3,11.7,"Shrubland","2","2","Omnivore","Invertivore","Insessorial",23.19,45.8,37.82,8.8,1781820.85,"Extant","Arid_Open",0,-0.0112253470827035
"266","Sylvia_melanothorax","Sylviidae","Passeriformes","Sylvia melanothorax",12.2,6.8,2.5,2.8,18.1,57.5,10.9,46.5,18.9,56.4,11.4,"Forest","2","3","Carnivore","Invertivore","Insessorial",34.56,35.7,35.04,33.21,7952.61,"Extant","Forested_Vegetated",0,-0.0372008334859641
"267","Sylvia_minula","Sylviidae","Passeriformes","Sylvia minula",11.3,5.7,2.7,2.8,19,59.9,11.9,48.9,19.6,55.5,11.4,"Shrubland","3","3","Omnivore","Invertivore","Insessorial",NA,NA,NA,NA,NA,"Extant","Arid_Open",0,-0.0372008334859641
"268","Sylvia_mystacea","Sylviidae","Passeriformes","Sylvia mystacea",11.9,6.5,2.8,2.8,17.8,58.9,9.4,49.2,16.1,56.1,9.9,"Shrubland","2","3","Carnivore","Invertivore","Insessorial",29.94,47.02,39.84,56.24,1359316.78,"Extant","Arid_Open",0,-0.17827943174587
"269","Sylvia_nana","Sylviidae","Passeriformes","Sylvia nana",10.7,5.9,2.4,2.6,18,55.5,9.1,46.2,16.4,52.4,8.7,"Desert","3","1","Carnivore","Invertivore","Insessorial",20.34,50.07,38.43,56.04,6356521.52,"Extant","Arid_Open",1,-0.307491163225876
"270","Sylvia_nisoria","Sylviidae","Passeriformes","Sylvia nisoria",16.4,8.9,3.7,4.3,24,88.3,24,64.4,27.2,71.7,22.5,"Shrubland","2","3","Carnivore","Invertivore","Insessorial",35.04,62.55,50.08,54.57,10133103.58,"Extant","Arid_Open",0,0.64270112032396
"271","Sylvia_rueppelli","Sylviidae","Passeriformes","Sylvia rueppelli",14.6,8.4,2.8,3.1,21,69,16,53,23.1,63.6,12.8,"Shrubland","2","3","Carnivore","Invertivore","Insessorial",34.62,41.15,37.7,30.04,238081.29,"Extant","Arid_Open",0,0.0786309820391575
"272","Sylvia_sarda","Sylviidae","Passeriformes","Sylvia sarda",12,6.4,2.3,2.5,18.9,54.6,8.8,45.6,16.1,60.2,9.8,"Shrubland","2","1","Carnivore","Invertivore","Insessorial",36.73,43.08,40.53,8.35,37562.64,"Extant","Arid_Open",1,-0.188431803209888
"273","Sylvia_subcaerulea","Sylviidae","Passeriformes","Sylvia subcaerulea",13.1,7.1,3.2,3.6,19.5,65.6,10.9,54.1,16.8,68.7,14.6,"Shrubland","2","1","Carnivore","Invertivore","Insessorial",-34.84,-11.91,-23.9,21.97,2960791.88,"Extant","Arid_Open",1,0.210207339827877
"274","Sylvia_undata","Sylviidae","Passeriformes","Sylvia undata",13.1,6.2,2.5,2.5,18.6,53.5,7.5,46,14.1,63.1,10.8,"Shrubland","2","1","Carnivore","Invertivore","Insessorial",34.13,52.99,40.86,-1.12,826720.86,"Extant","Arid_Open",1,-0.0912680547562399
"275","Sylvietta_brachyura","Sylviidae","Passeriformes","Sylvietta brachyura",12.2,7.4,2.4,2.7,15.9,51.5,6.2,45.3,12.1,21.5,8.1,"Woodland","2","1","Carnivore","Invertivore","Insessorial",-5.37,19.12,8.61,18.32,7061020.5,"Extant","Forested_Vegetated",1,-0.378950127208021
"276","Sylvietta_denti","Sylviidae","Passeriformes","Sylvietta denti",9.7,5.7,2.3,2.7,14.3,46.2,3,43,6.4,18,8.4,"Forest","2","1","Carnivore","Invertivore","Insessorial",-8.64,10.3,2.74,7.59,1125336.65,"Extant","Forested_Vegetated",1,-0.342582483037146
"277","Sylvietta_isabellina","Sylviidae","Passeriformes","Sylvietta isabellina",15.6,9.7,2.4,3,18.2,55.2,4,51.2,7.2,25.8,10,"Shrubland","2","1","Carnivore","Invertivore","Insessorial",-4.73,10.49,4.04,41.51,901911.55,"Extant","Arid_Open",1,-0.168229095892368
"278","Sylvietta_leucophrys","Sylviidae","Passeriformes","Sylvietta leucophrys",11.7,6.4,2.6,2.9,20.2,59.3,5.1,55,8.4,23.5,11.3,"Forest","2","1","Carnivore","Invertivore","Insessorial",-6.11,2.43,-1.01,32.94,160448.77,"Extant","Forested_Vegetated",1,-0.046011463168119
"279","Sylvietta_philippae","Sylviidae","Passeriformes","Sylvietta philippae",10.8,6.2,2.3,3,16,52,3.5,48.5,6.8,22,8.6,"Shrubland","2","1","Carnivore","Invertivore","Insessorial",3.19,9.59,6.26,45.23,206306.37,"Extant","Arid_Open",1,-0.319051985626952
"280","Sylvietta_rufescens","Sylviidae","Passeriformes","Sylvietta rufescens",16.4,9.9,2.5,3.2,19.2,60,5.7,54.3,9.5,28.2,11.6,"Shrubland","2","1","Carnivore","Invertivore","Insessorial",-34.84,-2.15,-20.93,24.57,4186905.87,"Extant","Arid_Open",1,-0.0198090907740949
"281","Sylvietta_ruficapilla","Sylviidae","Passeriformes","Sylvietta ruficapilla",13.6,7.9,2.8,3.1,19.1,64.9,6.8,57.6,10.5,27.5,11.1,"Woodland","2","1","Carnivore","Invertivore","Insessorial",-17.88,1.27,-9.65,23.58,2557018.33,"Extant","Forested_Vegetated",1,-0.0638690805681255
"282","Sylvietta_virens","Sylviidae","Passeriformes","Sylvietta virens",11.6,7.1,2.6,2.6,16.3,46.4,3.7,43,8,16.1,8.4,"Forest","2","1","Carnivore","Invertivore","Insessorial",-13.75,14.03,0.77,14.91,3738336.18,"Extant","Forested_Vegetated",1,-0.342582483037146
"283","Sylvietta_whytii","Sylviidae","Passeriformes","Sylvietta whytii",14.6,8.6,2.4,3,18.1,57.9,5.3,52.8,9.2,24.3,9.9,"Woodland","2","1","Carnivore","Invertivore","Insessorial",-24.42,8.91,-8.61,34.06,1855770.99,"Extant","Forested_Vegetated",1,-0.17827943174587
"284","Tesia_castaneocoronata","Sylviidae","Passeriformes","Tesia castaneocoronata",11,5.6,2.5,2.1,21.4,48,6.6,41.4,13.8,22.8,8.9,"Forest","1","1","Carnivore","Invertivore","Terrestrial",16.29,32.85,25.85,98.2,1980546.83,"Extant","Forested_Vegetated",1,-0.28476291214832
"285","Tesia_cyaniventer","Sylviidae","Passeriformes","Tesia cyaniventer",14,7.2,3.5,2.6,22.8,50.9,6.5,43.9,12.8,17,9.7,"Forest","1","1","Carnivore","Invertivore","Generalist",10.45,30.31,23.81,100.06,2098380.83,"Extant","Forested_Vegetated",1,-0.198688303377077
"286","Tesia_everetti","Sylviidae","Passeriformes","Tesia everetti",14.6,8.1,3.2,3,24.4,50.6,3.2,47.4,6.3,20.7,6.3,"Forest","1","1","Carnivore","Invertivore","Generalist",-9.11,-8.06,-8.61,119.54,29083.3,"Extant","Forested_Vegetated",1,-0.630264555488927
"287","Tesia_olivea","Sylviidae","Passeriformes","Tesia olivea",12.5,6.2,3,2.9,22.1,47.6,4.4,42.3,9.4,20.5,7,"Forest","1","1","Carnivore","Invertivore","Terrestrial",15.49,32.53,25.16,100.72,1755868.45,"Extant","Forested_Vegetated",1,-0.524904039831101
"288","Tesia_superciliaris","Sylviidae","Passeriformes","Tesia superciliaris",13.9,7.1,3.6,2.9,23.4,47.9,3.4,44.5,7.1,20,7,"Forest","1","1","Carnivore","Invertivore","Terrestrial",-7.76,-6.63,-7.14,108.23,5892.17,"Extant","Forested_Vegetated",1,-0.524904039831101
"289","Thamnornis_chloropetoides","Sylviidae","Passeriformes","Thamnornis chloropetoides",17.1,10.6,2.6,3.6,19.2,60.2,6,54.8,9.8,65.1,14.3,"Shrubland","2","1","Carnivore","Invertivore","Insessorial",-25.58,-20.76,-22.8,44.33,69624.44,"Extant","Arid_Open",1,0.189445348379448
"290","Tickellia_hodgsoni","Sylviidae","Passeriformes","Tickellia hodgsoni",12.1,6.2,3.2,2.3,19.5,46.1,6,40.3,12.9,44,4.5,"Forest","1","2","Carnivore","Invertivore","Insessorial",19.51,29.93,25.2,97.43,616057.05,"Extant","Forested_Vegetated",0,-0.96673679211014
"291","Trichocichla_rufa","Sylviidae","Passeriformes","Trichocichla rufa",19.1,9.8,4.2,3.9,30.1,73.8,7.8,66,10.6,77.5,24,"Forest","1","1","Carnivore","Invertivore","Terrestrial",-18.28,-17.35,-17.87,178,8590.66,"Extant","Forested_Vegetated",1,0.707239641461532
"292","Urosphena_squameiceps","Sylviidae","Passeriformes","Urosphena squameiceps",13.2,7.9,2.6,2.6,18,51,10.3,40.7,20.3,31,9.3,"Forest","1","3","Carnivore","Invertivore","Terrestrial",30.22,51.1,41.78,134.11,1055595.4,"Extant","Forested_Vegetated",0,-0.240799788727204
"293","Urosphena_subulata","Sylviidae","Passeriformes","Urosphena subulata",14.7,8.8,2.5,2.8,19,52.2,4.7,47.5,9,26.7,10.3,"Forest","1","1","Carnivore","Invertivore","Terrestrial",-10.94,-7.49,-9.1,125.2,35526.19,"Extant","Forested_Vegetated",1,-0.138670293650824
"294","Urosphena_whiteheadi","Sylviidae","Passeriformes","Urosphena whiteheadi",13.3,8,2.8,2.6,19.1,50.6,3.6,46.2,7.2,23.2,9,"Forest","1","1","Carnivore","Invertivore","Generalist",-3.57,6.4,2.36,115.45,131729.06,"Extant","Forested_Vegetated",1,-0.273589611550194
